Time,E1_D,E1_T,E1_V,E1_N,E2_D,E2_T,E2_V,E2_N,E3_D,E3_T,E3_V,E3_N,E4_D,E4_T,E4_V,E4_N,E5_D,E5_T,E5_V,E5_N,E6_D,E6_T,E6_V,E6_N,E7_D,E7_T,E7_V,E7_N,off_R1_D,off_R1_T,off_R1_V,off_R1_N,off_R2_D,off_R2_T,off_R2_V,off_R2_N,off_R3_D,off_R3_T,off_R3_V,off_R3_N,off_R4_D,off_R4_T,off_R4_V,off_R4_N,on_R1_D,on_R1_T,on_R1_V,on_R1_N,on_R2_D,on_R2_T,on_R2_V,on_R2_N,on_R3_D,on_R3_T,on_R3_V,on_R3_N,on_R4_D,on_R4_T,on_R4_V,on_R4_N,on_R5_D,on_R5_T,on_R5_V,on_R5_N,on_R6_D,on_R6_T,on_R6_V,on_R6_N
60000,0.07801798654887329,0.25666666666666643,0.30396618135924686,2,0.6461756757175242,0.986666666666669,0.6549077794434351,9,0.4817489191230832,1.0033333333333356,0.48014842437516486,11,0.15347214667507988,0.41999999999999954,0.3654098730359049,6,0.33308901490364756,0.8333333333333347,0.3997068178843764,8,0.07385565957419694,0.7566666666666677,0.09760659855620728,5,0.0413044426674888,0.49999999999999933,0.0826088853349777,3,0.04312720384637677,0.24333333333333312,0.17723508430017865,3,0.10800305616023688,0.656666666666667,0.16447165912726422,4,0.11041787675877592,1.5099999999999973,0.07312442169455372,10,0.0,0.0,0.0,0,0.006778722404076833,0.36333333333333295,0.01865703413966103,3,0.0,0.0,0.0,0,0.0,0.0,0.0,0,0.007043236398742022,0.016666666666666666,0.4225941839245213,1,0.0,0.0,0.0,0,0.0,0.0,0.0,0
70000,0.1096549146711397,0.21666666666666648,0.5060996061744913,3,0.05288225275043736,0.09333333333333334,0.5665955651832574,2,0.7530100772257481,1.296666666666666,0.5807275659838678,11,0.17396519065416463,0.29333333333333306,0.59306314995738,5,0.391015058247057,0.7933333333333346,0.4928761238408274,7,0.36892420782260993,0.836666666666668,0.4409452683138757,9,0.09046132148623233,0.6400000000000002,0.14134581482223796,5,0.0354766085180299,0.10666666666666666,0.3325932048565304,2,0.16262428473736368,0.42666666666666614,0.3811506673531966,5,0.1037976231442056,1.4199999999999982,0.07309691770718714,9,0.012549669586638404,0.03666666666666667,0.3422637159992292,1,0.05566652442336126,0.4599999999999994,0.12101418352904637,3,0.0,0.0,0.0,0,0.0,0.0,0.0,0,0.086113106604149,0.16333333333333327,0.5272231016580553,2,0.01578519970555755,0.02666666666666667,0.5919449889584081,2,0.0,0.0,0.0,0
80000,0.21121023403161437,0.3833333333333329,0.5509832192129077,4,0.09532714693955947,0.1666666666666666,0.5719628816373571,1,0.11301702215117192,0.4833333333333327,0.23382832169208012,5,0.47635504675370416,0.6500000000000001,0.7328539180826217,7,0.309482674059605,0.45666666666666617,0.6776992862619095,9,0.6199444690675193,1.339999999999999,0.4626451261697909,9,0.19250383379300448,0.8400000000000014,0.22917123070595732,8,0.06787127768407344,0.1666666666666666,0.40722766610444083,1,0.17670050110342994,0.49999999999999933,0.3534010022068603,3,0.08018771033789443,1.4999999999999973,0.053458473558596384,9,0.0,0.0,0.0,0,0.030002542209991497,0.563333333333333,0.05325895066862399,4,0.0,0.0,0.0,0,0.0,0.0,0.0,0,0.19530068941812048,0.4633333333333327,0.42151227931968505,3,0.0,0.0,0.0,0,0.0,0.0,0.0,0
90000,0.16011088723430505,0.4199999999999995,0.38121639817691727,4,0.1267342661133989,0.17333333333333326,0.7311592275773018,2,0.14141117713252804,0.3866666666666662,0.36571856154964194,3,0.09828920384623768,0.1333333333333333,0.7371690288467828,2,0.4697647771392311,0.6433333333333335,0.730204316796732,7,0.5188206161433976,1.1933333333333336,0.4347658794497744,11,0.37997950276365644,1.060000000000002,0.3584712290223167,10,0.0755299865969791,0.24666666666666645,0.30620264836613176,2,0.019585152753941376,0.49999999999999933,0.03917030550788281,3,0.04542466168917128,1.3333333333333324,0.03406849626687849,8,0.0,0.0,0.0,0,0.0533936371426392,0.6666666666666671,0.08009045571395874,4,0.0,0.0,0.0,0,0.0,0.0,0.0,0,0.0968235648373328,0.49999999999999933,0.19364712967466585,3,0.0,0.0,0.0,0,0.0,0.0,0.0,0
100000,0.004575211270088405,0.333333333333333,0.01372563381026523,2,0.0629802798081356,0.07666666666666666,0.8214819105408993,1,0.16794746371636984,0.3266666666666663,0.5141248889276633,3,0.05608335408055442,0.07666666666666666,0.7315220097463621,1,0.1290277544847367,0.17333333333333323,0.7443908912580968,2,0.5802169010509032,1.2799999999999996,0.45329445394601825,9,0.41918985206349246,1.1033333333333348,0.37993037951373887,10,0.18189490076639925,0.4299999999999995,0.42301139713116154,4,0.023542716959060496,0.5966666666666666,0.03945706752915167,4,0.013630712543347157,1.3333333333333324,0.010223034407510375,8,0.0,0.0,0.0,0,0.07431177483018105,0.4033333333333329,0.18424406982689537,4,0.0,0.0,0.0,0,0.0,0.0,0.0,0,0.0015184581410348742,0.49999999999999933,0.0030369162820697523,3,0.0,0.0,0.0,0,0.0,0.0,0.0,0
110000,0.0,0.333333333333333,0.0,2,0.0,0.0,0.0,0,0.103195491267267,0.1666666666666666,0.6191729476036022,2,0.04600275474306781,0.08333333333333334,0.5520330569168136,1,0.04790026162131972,0.05666666666666667,0.8452987344938773,1,0.3198031401057405,0.7533333333333342,0.42451744261823915,7,0.6163772630440788,1.406666666666665,0.4381828884199618,11,0.17000123832519543,0.5133333333333328,0.3311712434906408,4,0.1678754622316154,0.6733333333333337,0.24931999341329006,5,0.09165683144896315,1.3333333333333324,0.06874262358672241,8,0.0,0.0,0.0,0,0.00069841973220049,0.1666666666666666,0.004190518393202942,1,0.0,0.0,0.0,0,0.0,0.0,0.0,0,0.042763069657866325,0.5966666666666666,0.071669949147262,4,0.0,0.0,0.0,0,0.0,0.0,0.0,0
120000,0.09287639194480334,0.5499999999999997,0.1688661671723698,5,0.0,0.0,0.0,0,0.032612043776450994,0.08666666666666667,0.37629281280520377,2,0.027751318394459486,0.1666666666666666,0.166507910366757,1,0.05716117768455846,0.1799999999999999,0.31756209824754716,2,0.0935339025390866,0.3999999999999995,0.23383475634771678,4,0.2886978890704638,1.1100000000000012,0.2600881883517689,10,0.041381167288554115,0.2166666666666665,0.1909900028702499,2,0.11378834986797297,0.3733333333333329,0.3047902228606422,4,0.0599132716943755,1.3333333333333324,0.044934953770781653,8,0.0,0.0,0.0,0,0.013546494182376776,0.1666666666666666,0.08127896509426069,1,0.031063952745141066,0.10666666666666667,0.2912245569856975,2,0.0,0.0,0.0,0,0.10349426681983673,0.4866666666666661,0.21265945236952777,4,0.0013850621285478734,0.013333333333333334,0.1038796596410905,1,0.0,0.0,0.0,0
130000,0.3115875227658628,0.863333333333335,0.3609121885318868,8,0.07239519365141651,0.1,0.7239519365141651,2,0.028683708984020086,0.30666666666666637,0.09353383364354385,2,0.0,0.1533333333333333,0.0,1,0.07390429902427419,0.4366666666666661,0.16924648631513195,3,0.017012769387324506,0.16333333333333327,0.1041598125754562,2,0.07722426168149236,0.8433333333333348,0.09157027076856786,6,0.006658744320224527,0.07666666666666666,0.08685318678553731,1,0.01804217340669566,0.30666666666666637,0.05883317415226852,2,0.04389568425444118,1.3066666666666662,0.03359363590901112,10,0.011122740276959558,0.030000000000000002,0.37075800923198526,1,0.0043123808636815935,0.13333333333333333,0.03234285647761195,1,0.0,0.0,0.0,0,0.0,0.0,0.0,0,0.020564431836749088,0.14999999999999997,0.13709621224499394,2,0.06323362801516434,0.2033333333333332,0.31098505581228386,3,0.014909742785956828,0.05666666666666667,0.2631131079874734,1
140000,0.3415753286431232,0.7566666666666675,0.45142113917593324,8,0.40458188033312187,0.6200000000000001,0.652551419892132,7,0.051343920945896564,0.3633333333333329,0.14131354388778888,3,0.019688000451979236,0.15999999999999995,0.12305000282487026,1,0.021205878023763933,0.4599999999999994,0.046099734834269476,3,0.0,0.15999999999999995,0.0,1,0.0177343279297417,0.8000000000000013,0.02216790991217709,5,0.0,0.0,0.0,0,0.00042345113213753543,0.3199999999999997,0.0013232847879297996,2,0.14202660361801392,1.5133333333333308,0.093850178602212,11,0.0,0.0,0.0,0,0.0,0.0,0.0,0,0.0,0.0,0.0,0,0.0,0.0,0.0,0,0.020248209367348915,0.15999999999999995,0.12655130854593075,1,0.028806084870074817,0.09,0.320067609667498,1,0.0,0.0,0.0,0
150000,0.34126043596770184,0.5499999999999997,0.6204735199412764,5,0.7308095225428811,1.0266666666666688,0.7118274570222853,8,0.28728209583919107,0.6133333333333332,0.46839472147694206,7,0.004164682761132914,0.01,0.4164682761132914,1,0.30200828450671474,0.5899999999999999,0.5118784483164658,4,0.04446777598532028,0.23333333333333314,0.19057618279422991,3,0.001144279354308405,0.8333333333333348,0.0013731352251700837,5,0.004227336009930299,0.0033333333333333335,1.2682008029790894,1,0.03661177951048154,0.333333333333333,0.10983533853144474,2,0.08389898946227961,1.349999999999999,0.06214739960168865,9,0.0,0.0,0.0,0,0.03166926211464614,0.09666666666666668,0.3276130563584083,1,0.0,0.0,0.0,0,0.0,0.0,0.0,0,0.025354595424108717,0.1666666666666666,0.15212757254465237,1,0.0,0.0,0.0,0,0.0,0.0,0.0,0
160000,0.2373363582229902,0.38999999999999957,0.6085547646743346,5,0.4797350708091882,0.5966666666666667,0.8040252583394215,6,0.7036295256742894,1.1233333333333344,0.6263764323509988,10,0.14206063269558192,0.2966666666666664,0.4788560652660069,3,0.025231072859043056,0.03333333333333333,0.7569321857712917,2,0.4747246679084407,0.6700000000000004,0.7085442804603589,5,0.06581488300891271,0.9633333333333356,0.06831994776011684,6,0.03450202808390736,0.1666666666666666,0.20701216850344423,1,0.060031321127942044,0.16333333333333327,0.3675387007833188,3,0.06755564847114037,1.3333333333333324,0.050666736353355314,8,0.0,0.0,0.0,0,0.06765667211070368,0.2899999999999997,0.23329886934725433,2,0.0,0.0,0.0,0,0.0,0.0,0.0,0,0.01557977634161641,0.1666666666666666,0.0934786580496985,1,0.0,0.0,0.0,0,0.0,0.0,0.0,0
170000,0.2999968917961856,0.4699999999999994,0.6382912591408212,4,0.27776276308291287,0.34999999999999964,0.793607894522609,5,0.5614942115190489,0.8733333333333348,0.6429323032660854,9,0.4018749975228055,0.7500000000000009,0.5358333300304067,8,0.1441531218310365,0.20666666666666653,0.6975151056340481,4,0.13786940284742594,0.19333333333333322,0.7131176009349621,4,0.41213970790032917,1.273333333333333,0.3236699276704157,10,0.014465556750242406,0.1666666666666666,0.08679334050145447,1,0.06578605282773779,0.1666666666666666,0.3947163169664269,1,0.008084901569648105,1.3333333333333324,0.006063676177236083,8,0.0,0.0,0.0,0,0.03250083779810708,0.34333333333333294,0.09466263436341879,3,0.0,0.0,0.0,0,0.0,0.0,0.0,0,0.0009806008589970778,0.1666666666666666,0.005883605153982469,1,0.0,0.0,0.0,0,0.0,0.0,0.0,0
180000,0.057191358855711284,0.11666666666666668,0.4902116473346681,3,0.329793266850782,0.45333333333333276,0.7274851474649612,3,0.18185750432687234,0.3933333333333329,0.4623495872717098,5,0.44875498693888904,0.7033333333333338,0.6380402657898891,7,0.5017324775295472,0.6966666666666673,0.7201901591333206,8,0.2494468821429366,0.24999999999999978,0.9977875285717472,3,0.23803922540589414,0.7966666666666679,0.2987940067856407,6,0.0660237954426946,0.3299999999999996,0.20007210740210507,2,0.049360132694580595,0.1666666666666666,0.2961607961674837,1,0.014463732068459547,1.3333333333333324,0.010847799051344668,8,0.0,0.0,0.0,0,0.07458862444397288,0.6666666666666671,0.11188293666595925,5,0.0,0.0,0.0,0,0.0,0.0,0.0,0,0.0,0.1666666666666666,0.0,1,0.0,0.0,0.0,0,0.0,0.0,0.0,0
190000,0.03556096761429666,0.1666666666666666,0.21336580568578004,1,0.028526474938194796,0.043333333333333335,0.6583032678044952,2,0.20270211788413475,0.3633333333333329,0.5578957372957843,3,0.13167441287054493,0.18666666666666656,0.7053986403779197,4,0.4836659219862056,0.8066666666666679,0.5995858537019069,8,0.4539192928863506,0.5033333333333327,0.9018264097079823,5,0.21589712095590963,0.4866666666666661,0.4436242211422806,5,0.004299635396316073,0.333333333333333,0.012898906188948234,2,0.007459473898989941,0.2166666666666665,0.03442834107226129,2,0.0960029828128204,1.2933333333333328,0.07422911042228385,8,0.011741423452517299,0.03666666666666667,0.3202206396141081,1,0.10649359127151073,0.8333333333333348,0.12779230952581264,5,0.0,0.0,0.0,0,0.0,0.0,0.0,0,0.05414267115621846,0.2633333333333331,0.2056050803400703,2,0.0,0.0,0.0,0,0.0,0.0,0.0,0
200000,0.000141647921574641,0.1666666666666666,0.0008498875294478463,1,0.0,0.0,0.0,0,0.04518681091914963,0.06999999999999999,0.6455258702735662,1,0.08793630124060044,0.2633333333333331,0.33393532116683744,2,0.1037570562171237,0.13999999999999999,0.7411218301223121,4,0.3918073331841205,0.48333333333333267,0.8106358617602504,5,0.31185185061583315,0.4566666666666661,0.6828872641222632,5,0.05090546261904877,0.41999999999999954,0.12120348242630673,4,0.09539432991990081,0.333333333333333,0.28618298975970274,2,0.11905587913605113,1.0333333333333354,0.1152153669058557,7,0.0015822195836932929,0.006666666666666667,0.2373329375539939,1,0.22829664383402523,0.8766666666666684,0.2604144226243629,6,0.006816339346813523,0.07666666666666667,0.08890877408887203,1,0.0,0.0,0.0,0,0.07469753841517737,0.333333333333333,0.22409261524553237,2,0.0,0.0,0.0,0,0.0,0.0,0.0,0
210000,0.0226067800604194,0.22333333333333316,0.10122438833023618,2,0.052508001215654805,0.1433333333333333,0.36633489220224286,1,0.025757028299281934,0.03666666666666667,0.7024644081622345,1,0.01855560359399719,0.333333333333333,0.05566681078199162,2,0.04505160483222795,0.21333333333333318,0.21117939765106866,2,0.16323704011055265,0.3766666666666662,0.4333726728598748,3,0.18256068608112544,0.2433333333333331,0.7502493948539409,3,0.059821318950619276,0.5699999999999997,0.10494968236950755,4,0.06909472555173775,0.17666666666666658,0.3911022201041761,2,0.029199732333239258,1.0000000000000024,0.029199732333239185,6,0.0,0.0,0.0,0,0.08032337373563057,0.3966666666666662,0.20249590017385882,4,0.001699229772308234,0.006666666666666667,0.2548844658462351,1,0.08335838878459943,0.10333333333333333,0.8066940850122526,2,0.047732108844920525,0.12,0.3977675737076711,2,0.0056257342090588825,0.016666666666666666,0.337544052543533,1,0.0,0.0,0.0,0
220000,0.13524329713729444,0.33999999999999964,0.39777440334498404,3,0.09370178889979076,0.25666666666666643,0.36507190480437995,2,0.10814496558758181,0.34999999999999964,0.3089856159645198,3,0.0,0.333333333333333,0.0,2,0.04632432439717128,0.333333333333333,0.138972973191514,2,9.253765887911807e-05,0.333333333333333,0.0002776129766373545,2,0.017897968318964584,0.1666666666666666,0.10738780991378755,1,0.038440569931933954,0.49999999999999933,0.076881139863868,3,0.0006084375034655492,0.1666666666666666,0.0036506250207932966,1,0.070961856481235,1.0566666666666686,0.0671563310547964,7,0.011440895763913416,0.030000000000000002,0.38136319213044717,1,0.0008939417982113668,0.333333333333333,0.0026818253946341033,2,0.027249601634308195,0.09333333333333334,0.2919600175104449,2,0.00819601642450107,0.030000000000000002,0.27320054748336897,1,0.0,0.0,0.0,0,0.036488690804120164,0.13,0.28068223695477046,2,0.013456518542712312,0.05,0.26913037085424624,1
230000,0.16703233969478457,0.3199999999999997,0.5219760615462024,4,0.28495805837033905,0.46333333333333276,0.6150173921662001,4,0.07771400442967567,0.5233333333333328,0.1484980976363231,4,0.020761210264831385,0.2899999999999997,0.07159038022355657,2,0.0567967706450771,0.293333333333333,0.19362535447185397,4,0.0,0.333333333333333,0.0,2,0.0,0.1666666666666666,0.0,1,0.039699490468100694,0.49999999999999933,0.0793989809362015,3,0.0,0.1666666666666666,0.0,1,0.10262963494819739,1.2699999999999998,0.080810736179683,8,0.0,0.0,0.0,0,0.0,0.333333333333333,0.0,2,0.0,0.0,0.0,0,0.0,0.0,0.0,0,0.08166153192818858,0.15666666666666662,0.5212438208182251,1,0.024514328030328277,0.06333333333333334,0.38706833732097273,1,0.0,0.0,0.0,0
240000,0.1551506870440885,0.25333333333333313,0.6124369225424551,2,0.2508996588289219,0.3666666666666663,0.6842717968061514,5,0.35730537625118797,0.8533333333333348,0.41871723779436015,6,0.043992107126941356,0.12333333333333334,0.3566927604887137,3,0.16970447350866985,0.5699999999999997,0.2977271465064385,4,0.008433872994018338,0.333333333333333,0.025301618982055043,2,0.0,0.1666666666666666,0.0,1,0.008939474985870739,0.3633333333333329,0.024604059594139676,3,0.01639360269196852,0.1666666666666666,0.09836161615181116,1,0.10072293512651165,1.083333333333335,0.09297501703985676,8,0.0,0.0,0.0,0,0.0,0.333333333333333,0.0,2,0.0,0.0,0.0,0,0.0,0.0,0.0,0,0.05889511117330982,0.1666666666666666,0.35337066703985903,1,0.0,0.0,0.0,0,0.0,0.0,0.0,0
250000,0.16224942932062858,0.2633333333333331,0.6161370733694762,3,0.27865928391838296,0.3766666666666662,0.739803408632876,3,0.32183249326814156,0.7200000000000008,0.44698957398352945,5,0.1764457285173371,0.25333333333333313,0.6964962967789629,2,0.26405363410548216,0.4766666666666661,0.5539586729485647,6,0.11915127466647041,0.22999999999999982,0.5180490202890022,3,0.13619485325153985,0.3999999999999995,0.34048713312885004,3,0.04064130390039351,0.333333333333333,0.12192391170118067,2,0.023899937331452556,0.1,0.23899937331452556,2,0.04913153156279675,0.9733333333333356,0.05047760092068148,7,0.0,0.0,0.0,0,0.00918035667218626,0.3499999999999996,0.026229590491960775,3,0.0,0.0,0.0,0,0.0,0.0,0.0,0,0.06113144888281457,0.313333333333333,0.1951003687749403,3,0.0,0.0,0.0,0,0.0,0.0,0.0,0
260000,0.43448574157629666,0.5199999999999995,0.8355495030313406,6,0.12734134445132245,0.12333333333333334,1.032497387443155,5,0.320656484395215,0.4433333333333328,0.7232853031471024,6,0.06832166598610166,0.05,1.366433319722033,1,0.1114124576063239,0.1433333333333333,0.7772962158580738,3,0.24194796383022732,0.28999999999999976,0.8343033235525087,3,0.15224196357669184,0.24666666666666645,0.6171971496352378,4,0.028860704312318484,0.27999999999999975,0.10307394397256611,2,0.17883358616183612,0.35333333333333294,0.506132791024065,3,0.09768347869335281,0.9533333333333356,0.10246518744057963,7,0.0,0.0,0.0,0,0.02977758699718382,0.39333333333333287,0.07570572965385726,3,0.0,0.0,0.0,0,0.0,0.0,0.0,0,0.15442402689609896,0.42333333333333284,0.36478116589629717,4,0.0,0.0,0.0,0,0.0,0.0,0.0,0
270000,0.13790125402936215,0.3166666666666663,0.43547764430324937,4,0.4834663763979972,0.6933333333333339,0.6973072736509569,5,0.03035301776074994,0.17333333333333326,0.17511356400432668,3,0.21913110309793435,0.26666666666666644,0.8217416366172545,3,0.0953890755509332,0.14666666666666664,0.6503800605745447,2,0.14882518856885174,0.21999999999999983,0.6764781298584175,2,0.12020902653267464,0.2266666666666665,0.5303339405853297,3,0.04132888917924852,0.41333333333333283,0.09998924801431106,3,0.15078210731723538,0.43999999999999945,0.34268660753917174,3,0.06009251692573409,1.0600000000000018,0.05669105370352263,7,0.0,0.0,0.0,0,0.10444802331810321,0.4733333333333328,0.22066483799599296,4,0.0,0.0,0.0,0,0.006712261681395843,0.023333333333333334,0.28766835777410754,1,0.09715928493295219,0.5933333333333333,0.16375160381958234,4,0.0,0.0,0.0,0,0.0,0.0,0.0,0
280000,0.01073680470524406,0.333333333333333,0.032210414115732215,2,0.23763242764003129,0.41333333333333283,0.5749171636452377,5,0.31448640507983644,0.5866666666666666,0.5360563722951759,5,0.0071984956088878855,0.01,0.7198495608887885,1,0.27480037350426295,0.333333333333333,0.8244011205127897,3,0.1397848970490456,0.15666666666666662,0.8922440237173126,3,0.22210007933602455,0.4099999999999995,0.5417075105756703,3,0.1347192480246439,0.3866666666666662,0.3484118483395967,3,0.011886462804303935,0.49999999999999933,0.0237729256086079,3,0.0798783397829181,1.0800000000000016,0.07396142572492405,7,0.0,0.0,0.0,0,0.06760228285716563,0.3766666666666662,0.1794750872314134,3,0.0,0.0,0.0,0,0.05230765692612234,0.15999999999999995,0.32692285578826474,1,0.04012747907936567,0.6666666666666671,0.06019121861904846,4,0.0,0.0,0.0,0,0.0,0.0,0.0,0
290000,0.0,0.333333333333333,0.0,2,0.06760319274891803,0.1799999999999999,0.3755732930495448,2,0.29768622277474716,0.563333333333333,0.5284370818486639,6,0.15829421546058947,0.333333333333333,0.4748826463817689,4,0.0,0.0,0.0,0,0.3203408361729936,0.3733333333333329,0.8580558111776624,3,0.12381655101650309,0.15666666666666662,0.790318410743637,3,0.09796407236094933,0.42666666666666614,0.22960329459597525,4,0.021261118144328572,0.49999999999999933,0.0425222362886572,3,0.07427109147709536,0.9166666666666686,0.08102300888410385,6,0.0,0.0,0.0,0,0.10578056326396718,0.3266666666666664,0.3238180508080631,4,0.0,0.0,0.0,0,0.0,0.1666666666666666,0.0,1,0.01160161789328743,0.6666666666666671,0.017402426839931134,4,0.0,0.0,0.0,0,0.0,0.0,0.0,0
300000,0.1688563454018777,0.6366666666666669,0.2652193906835774,6,0.001451788813326347,0.16999999999999993,0.00853993419603734,2,0.0024506495129264943,0.1666666666666666,0.014703897077558972,1,0.09779870909962157,0.6666666666666671,0.14669806364943228,4,0.05964758468756445,0.16999999999999993,0.35086814522096754,2,0.017424667368444557,0.023333333333333334,0.7467714586476238,1,0.22885475646031475,0.3799999999999995,0.6022493591060922,3,0.09827166329784129,0.6033333333333333,0.1628812098859248,4,0.041160915561269905,0.40999999999999953,0.10039247697870719,3,0.04640709056980905,0.8333333333333348,0.05568850868377077,6,0.0,0.0,0.0,0,0.14391213181667115,0.333333333333333,0.4317363954500139,2,0.0,0.0,0.0,0,0.002006794547391548,0.1666666666666666,0.012040767284349293,1,0.25087908237997375,0.7933333333333346,0.31623413745374795,6,0.0,0.0,0.0,0,0.0,0.0,0.0,0
310000,0.392502301351336,0.8366666666666681,0.4691262565952215,7,0.1789327574347775,0.46333333333333276,0.3861858074131893,5,0.04279992985810054,0.25666666666666643,0.16675297347311915,2,0.004568120671782497,0.6666666666666671,0.006852181007673742,4,0.10800810800381783,0.40999999999999953,0.26343440976540966,4,0.0,0.0,0.0,0,0.014439403165000893,0.333333333333333,0.04331820949500272,2,0.01406525146071228,0.49999999999999933,0.028130502921424598,3,0.0,0.333333333333333,0.0,2,0.004765635029731667,0.8333333333333348,0.00571876203567799,5,0.012568870530133789,0.030000000000000002,0.4189623510044596,1,0.01245695996296194,0.333333333333333,0.037370879888885856,2,0.0,0.0,0.0,0,0.013156431803919493,0.07666666666666666,0.17160563222503689,1,0.19440100296578544,0.42333333333333284,0.4592149676357142,4,0.016358642512506925,0.043333333333333335,0.37750713490400595,1,0.014540128531320074,0.043333333333333335,0.3355414276458479,1
320000,0.21714011776014838,0.33666666666666634,0.6449706468123225,5,0.6652531870038109,1.040000000000002,0.6396665259652015,9,0.21449503825759028,0.4899999999999994,0.43774497603589907,4,0.018560626691638556,0.6833333333333338,0.02716189271947104,5,0.12406453936208478,0.8000000000000013,0.15508067420260574,5,0.0,0.0,0.0,0,0.0,0.333333333333333,0.0,2,0.006286135591890394,0.49999999999999933,0.012572271183780806,3,0.0,0.333333333333333,0.0,2,0.017272204561626137,0.8333333333333348,0.020726645473951328,5,0.0,0.0,0.0,0,0.0026345185563233214,0.343333333333333,0.007673355018417449,3,0.0,0.0,0.0,0,0.0,0.0,0.0,0,0.0053592169519422,0.016666666666666666,0.321553017116532,1,0.0,0.0,0.0,0,0.0,0.0,0.0,0
330000,0.18099500023309714,0.22999999999999982,0.7869347836221621,3,0.509054505694889,0.816666666666668,0.623332047789659,8,0.49512256062285076,0.8333333333333347,0.59414707274742,7,0.28112538875815535,0.6833333333333338,0.41140300793876367,7,0.29867575763474874,0.7433333333333342,0.40180595197499785,9,0.013865538734130736,0.023333333333333334,0.5942373743198887,1,0.0,0.333333333333333,0.0,2,0.025522244000996928,0.3633333333333329,0.07024470825962466,3,0.0006879247255656684,0.333333333333333,0.0020637741766970077,2,0.08204709766996589,0.6066666666666667,0.13524246868675696,5,0.0,0.0,0.0,0,0.06089903876145509,0.49999999999999933,0.12179807752291034,3,0.0,0.0,0.0,0,0.0,0.0,0.0,0,0.0,0.0,0.0,0,0.0,0.0,0.0,0,0.0,0.0,0.0,0
340000,0.16412590126631116,0.2166666666666665,0.7575041596906674,3,0.3116051478418547,0.4799999999999995,0.6491773913371981,6,0.43471308258748403,0.8666666666666681,0.5015920183701731,9,0.36889347179025306,0.5499999999999997,0.6707154032550059,6,0.5039909043468683,0.9733333333333356,0.5177988743289731,10,0.2645048876301881,0.4133333333333329,0.6399311797504558,5,0.004543628292370432,0.333333333333333,0.01363088487711131,2,0.03461136300896907,0.333333333333333,0.10383408902690731,2,0.04108794720666902,0.26999999999999974,0.15217758224692246,2,0.048222810259157756,0.5499999999999996,0.08767783683483235,4,0.0,0.0,0.0,0,0.016500160843296724,0.49999999999999933,0.03300032168659349,3,0.0,0.0,0.0,0,0.0,0.0,0.0,0,0.0,0.0,0.0,0,0.0,0.0,0.0,0,0.0,0.0,0.0,0
350000,0.0641642783225312,0.08333333333333333,0.7699713398703745,1,0.23948577794081718,0.3733333333333329,0.6414797623414753,3,0.2831987430121783,0.7833333333333343,0.3615303102283122,6,0.2188503997127946,0.3166666666666664,0.6911065254088257,5,0.4645069614849664,0.8833333333333351,0.5258569375301496,8,0.6307424624112439,0.9466666666666687,0.6662772490259604,8,0.10649047393832661,0.24999999999999975,0.4259618957533069,5,0.038520778397141284,0.333333333333333,0.11556233519142398,2,0.0031394972440099687,0.1666666666666666,0.01883698346405982,1,0.0006979479534697471,0.49999999999999933,0.0013958959069394962,3,0.0,0.0,0.0,0,0.0,0.49999999999999933,0.0,3,0.0,0.0,0.0,0,0.0,0.0,0.0,0,0.0,0.0,0.0,0,0.0,0.0,0.0,0,0.0,0.0,0.0,0
360000,0.06908322056542673,0.12333333333333335,0.5601342208007573,1,0.11177812998650047,0.19999999999999987,0.5588906499325027,2,0.2584639923275211,0.6666666666666671,0.3876959884912814,6,0.14930924939032114,0.22999999999999982,0.649170649523136,3,0.23084763085328347,0.4133333333333329,0.5585023327095574,6,0.4701240178969817,0.7800000000000011,0.6027230998679244,7,0.4064188216422932,0.7733333333333344,0.5255415797098612,7,0.0026112775061294994,0.333333333333333,0.007833832518388506,2,0.041782802118064344,0.26999999999999974,0.15475111895579402,2,0.01410651476527085,0.5299999999999995,0.026616065594850687,4,0.0,0.0,0.0,0,0.01852171369384045,0.49999999999999933,0.03704342738768095,3,0.0,0.0,0.0,0,0.0,0.0,0.0,0,0.025952206914190343,0.06333333333333334,0.4097716881187949,1,0.0,0.0,0.0,0,0.0,0.0,0.0,0
370000,0.018123637013802384,0.1666666666666666,0.10874182208281435,1,0.0409997480161712,0.09000000000000001,0.4555527557352355,1,0.17923486544121398,0.4133333333333329,0.43363273897067944,4,0.06020027687486278,0.15999999999999995,0.3762517304678925,1,0.141987607927209,0.20666666666666653,0.6870368125510117,2,0.33834359827608707,0.5799999999999998,0.583351031510495,5,0.45550049761323835,0.8333333333333346,0.5466005971358852,9,0.07341899632248405,0.3466666666666663,0.21178556631485806,4,0.11141897901377883,0.5133333333333328,0.2170499591177512,4,0.08574328593304097,0.563333333333333,0.15220701644918525,4,0.0,0.0,0.0,0,0.11551239811437157,0.4066666666666662,0.28404688060911076,4,0.0,0.0,0.0,0,0.0,0.0,0.0,0,0.09722667456801683,0.23333333333333314,0.4166857481486439,2,0.0,0.0,0.0,0,0.0,0.0,0.0,0
380000,0.0,0.1666666666666666,0.0,1,0.015468167599025865,0.1666666666666666,0.09280900559415522,1,0.011628366492510563,0.016666666666666666,0.6977019895506338,1,0.07030917652095023,0.14999999999999997,0.4687278434730016,1,0.0,0.0,0.0,0,0.19110731360524458,0.29333333333333306,0.6515022054724253,3,0.3099925183610316,0.5566666666666663,0.5568727874749074,5,0.07475650270705884,0.333333333333333,0.22426950812117677,2,0.14795347219114555,0.5366666666666662,0.2756896997350541,4,0.039258197176217306,0.3966666666666662,0.09897024498206054,3,0.0,0.0,0.0,0,0.06170836997395865,0.1666666666666666,0.37025021984375206,1,0.0,0.0,0.0,0,0.0,0.0,0.0,0,0.06349943162875976,0.333333333333333,0.19049829488627948,2,0.0,0.0,0.0,0,0.0,0.0,0.0,0
390000,0.10547448511129885,0.3299999999999996,0.31961965185242114,4,0.0685998950640038,0.15666666666666662,0.43787167062130095,2,0.014915922742918615,0.03666666666666667,0.4067978929886895,1,0.0022106499702423286,0.1666666666666666,0.013263899821453977,1,0.015514531172845063,0.043333333333333335,0.3580276424502707,1,0.03312023190150002,0.1666666666666666,0.1987213914090002,1,0.15114594730925837,0.5299999999999996,0.28518103265897826,4,0.05157927731377216,0.333333333333333,0.15473783194131666,2,0.10757169410419463,0.49999999999999933,0.21514338820838955,3,0.031134904286043732,0.333333333333333,0.09340471285813129,2,0.0,0.0,0.0,0,0.020931364196098336,0.05666666666666667,0.3693770152252647,1,0.014049794407577748,0.05,0.28099588815155496,1,0.0,0.0,0.0,0,0.09276719219756002,0.28999999999999976,0.31988686964675894,2,0.0,0.0,0.0,0,0.0,0.0,0.0,0
400000,0.32324398619409234,0.516666666666666,0.625633521665986,5,0.24505519091997977,0.41333333333333283,0.5928754619031775,5,0.04314608260000514,0.1666666666666666,0.25887649560003095,1,0.0,0.1666666666666666,0.0,1,0.07186949760380688,0.2733333333333331,0.26293718635539126,2,0.0,0.1666666666666666,0.0,1,0.0,0.49999999999999933,0.0,3,0.0075540011586447435,0.16999999999999993,0.04443530093320439,2,0.0004851125723123511,0.49999999999999933,0.0009702251446247035,3,0.02559902021628482,0.333333333333333,0.07679706064885454,2,0.0,0.0,0.0,0,0.0,0.0,0.0,0,0.0,0.0,0.0,0,0.0,0.0,0.0,0,0.011618031449255752,0.02666666666666667,0.43567617934709063,2,0.0,0.0,0.0,0,0.0,0.0,0.0,0
410000,0.18506027113660567,0.25666666666666643,0.7210140433893734,5,0.48999319466083335,0.7600000000000008,0.6447278877116221,6,0.14378615439415873,0.3099999999999997,0.4638263044972867,4,0.010922224504931896,0.1666666666666666,0.0655333470295914,1,0.011174218918252774,0.1666666666666666,0.06704531350951667,1,0.0,0.1666666666666666,0.0,1,0.0,0.49999999999999933,0.0,3,0.0008106987489413816,0.1666666666666666,0.004864192493648291,1,0.0,0.49999999999999933,0.0,3,0.0,0.333333333333333,0.0,2,0.01604037691031855,0.05,0.32080753820637103,1,0.0,0.0,0.0,0,0.0,0.0,0.0,0,0.0,0.0,0.0,0,0.05702691692908858,0.1666666666666666,0.3421615015745316,1,0.0,0.0,0.0,0,0.014656921479904342,0.03666666666666667,0.39973422217920934,1
420000,0.44293222241635294,0.6766666666666671,0.6545796390389448,6,0.237875643398657,0.3299999999999997,0.720835283026234,5,0.441908973511139,0.7533333333333342,0.5866048320944316,6,0.06598487655026411,0.16999999999999993,0.3881463326486126,3,0.0758104072359453,0.26999999999999974,0.28077928605905694,2,0.004943759146275397,0.1666666666666666,0.029662554877652392,1,0.0,0.49999999999999933,0.0,3,0.018711972519318915,0.09,0.20791080577021018,1,0.03456868834679701,0.49999999999999933,0.06913737669359411,3,0.03084586692296062,0.333333333333333,0.09253760076888196,2,0.0,0.0,0.0,0,0.0,0.0,0.0,0,0.0,0.0,0.0,0,0.0,0.0,0.0,0,0.07211471309280769,0.16999999999999993,0.42420419466357484,2,0.0,0.0,0.0,0,0.0,0.0,0.0,0
430000,0.3295587816039613,0.4433333333333328,0.743365672790891,6,0.5403874664161223,0.7833333333333344,0.6898563401056871,7,0.2218329748739557,0.40666666666666623,0.5454909218212032,5,0.2641224291731433,0.6400000000000002,0.4126912955830363,5,0.12833394823963862,0.27666666666666645,0.46385764423965803,3,0.00779303284305125,0.023333333333333334,0.3339871218450536,1,0.08559306568893014,0.6433333333333336,0.13304621609678255,4,0.0,0.0,0.0,0,0.052453523449190964,0.16999999999999993,0.30855013793641756,3,0.045494683377990654,0.4333333333333328,0.10498773087228626,4,0.0,0.0,0.0,0,0.0,0.0,0.0,0,0.0,0.0,0.0,0,0.0,0.0,0.0,0,0.08068095028602834,0.333333333333333,0.24204285085808527,2,0.0,0.0,0.0,0,0.0,0.0,0.0,0
440000,0.3063169776825593,0.4133333333333329,0.7410894621352249,5,0.6415936716111863,0.8333333333333346,0.7699124059334224,9,0.3112535673670852,0.6400000000000002,0.48633369901107043,7,0.17641670646138002,0.6633333333333338,0.26595483386137675,5,0.07354514141570064,0.17666666666666656,0.416293253296419,3,0.0,0.0,0.0,0,0.08872046649174538,0.2833333333333331,0.31313105820616044,4,0.0,0.0,0.0,0,0.0,0.0,0.0,0,0.1078798043331349,0.6666666666666671,0.16181970649970226,4,0.0,0.0,0.0,0,0.0,0.0,0.0,0,0.0,0.0,0.0,0,0.0,0.0,0.0,0,0.05096827193028091,0.333333333333333,0.1529048157908429,2,0.0,0.0,0.0,0,0.0,0.0,0.0,0
450000,0.11735938376159495,0.26333333333333314,0.44566854593010774,2,0.3747787785295916,0.4366666666666662,0.858272011899829,5,0.6721636980796628,1.2233333333333336,0.5494526142340567,10,0.10452836695547173,0.42666666666666614,0.24498836005188715,6,0.11680525740094777,0.28333333333333305,0.4122538496504043,3,0.0,0.0,0.0,0,0.00907195907782442,0.023333333333333334,0.3887982461924751,1,0.0,0.0,0.0,0,0.0,0.0,0.0,0,0.061409563114928234,0.6666666666666671,0.0921143446723923,4,0.0,0.0,0.0,0,0.0,0.0,0.0,0,0.0,0.0,0.0,0,0.0,0.0,0.0,0,0.001518459193496616,0.333333333333333,0.0045553775804898534,2,0.0,0.0,0.0,0,0.0,0.0,0.0,0
460000,0.00014164781510322172,0.1666666666666666,0.0008498868906193307,1,0.024724255670989573,0.1666666666666666,0.1483455340259375,1,0.35857090406923925,0.7066666666666672,0.5074116567017533,7,0.4618045246875981,1.1133333333333348,0.41479448325233303,11,0.16950306906922147,0.3466666666666663,0.48895116077660095,3,0.0,0.0,0.0,0,0.0,0.0,0.0,0,0.0,0.0,0.0,0,0.0,0.0,0.0,0,0.029647634705494953,0.61,0.048602679845073694,4,0.0,0.0,0.0,0,0.0,0.0,0.0,0,0.0,0.0,0.0,0,0.0,0.0,0.0,0,0.0,0.333333333333333,0.0,2,0.0,0.0,0.0,0,0.0,0.0,0.0,0
470000,0.0,0.1666666666666666,0.0,1,0.0,0.1666666666666666,0.0,1,0.00023327120775186387,0.1666666666666666,0.0013996272465111837,1,0.2500094103464003,1.1233333333333346,0.22256030594635015,9,0.2892541911391723,0.6100000000000001,0.4741871985888069,7,0.12164049589360701,0.13666666666666666,0.8900524089776123,1,0.0,0.0,0.0,0,0.0,0.0,0.0,0,0.0,0.0,0.0,0,0.07257997182374651,0.6433333333333335,0.11281860905245568,4,0.0,0.0,0.0,0,0.0,0.0,0.0,0,0.0,0.0,0.0,0,0.0,0.0,0.0,0,0.023481785661985635,0.3966666666666662,0.059197778979795786,3,0.0,0.0,0.0,0,0.0,0.0,0.0,0
480000,0.07519618143326091,0.2733333333333331,0.27510798085339383,2,0.005248184042173162,0.17666666666666658,0.029706702125508477,2,0.0,0.1666666666666666,0.0,1,0.004382891644620175,1.0000000000000024,0.004382891644620164,6,0.079985346690887,0.7300000000000009,0.10956896806970809,5,0.03911546512580519,0.043333333333333335,0.9026645798262736,1,0.0912136151769557,0.12333333333333335,0.7395698527861272,1,0.0,0.0,0.0,0,0.0,0.0,0.0,0,0.08467623034765508,0.6666666666666671,0.12701434552148252,4,0.0,0.0,0.0,0,0.0,0.0,0.0,0,0.0,0.0,0.0,0,0.0,0.0,0.0,0,0.03599724667051146,0.2699999999999998,0.1333231358167092,2,0.0,0.0,0.0,0,0.0,0.0,0.0,0
490000,0.265466940675597,0.5466666666666663,0.4856102573334095,6,0.19910393371508997,0.3899999999999995,0.5105229069617698,3,4.137742190146069e-05,0.1666666666666666,0.0002482645314087642,1,0.0,1.0000000000000024,0.0,6,0.03486103477271403,0.8233333333333347,0.04234133778062426,5,0.0,0.0,0.0,0,0.011079714923766654,0.1666666666666666,0.06647828954259995,1,0.0,0.0,0.0,0,0.0,0.0,0.0,0,0.008205437931451391,0.6666666666666671,0.01230815689717708,4,0.0,0.0,0.0,0,0.018662746430859373,0.10333333333333335,0.18060722352444553,1,0.0,0.0,0.0,0,0.0,0.0,0.0,0,0.013644794149661547,0.1666666666666666,0.08186876489796932,1,0.0,0.0,0.0,0,0.0,0.0,0.0,0
500000,0.46158251850982057,0.7933333333333344,0.5818267040039747,7,0.330624911571203,0.5266666666666662,0.6277688194389937,7,0.10642753397365455,0.3466666666666663,0.3070025018470808,3,0.07178041590734936,0.9733333333333357,0.07374700264453683,6,0.03668635253068902,0.6500000000000001,0.05644054235490617,6,0.007108075097713827,0.043333333333333335,0.16403250225493446,1,0.0,0.1666666666666666,0.0,1,0.0,0.0,0.0,0,0.0,0.0,0.0,0,0.016232422628712603,0.6233333333333335,0.026041319725207377,4,0.0,0.0,0.0,0,0.001470500696343733,0.1666666666666666,0.0088230041780624,1,0.0,0.0,0.0,0,0.0,0.0,0.0,0,0.005198153611251461,0.1666666666666666,0.03118892166750878,1,0.0,0.0,0.0,0,0.0,0.0,0.0,0
510000,0.12884264283981572,0.22999999999999982,0.5601854036513731,3,0.6532959751093961,0.9333333333333353,0.6999599733314943,8,0.30437770138003106,0.45666666666666617,0.6665205139708716,6,0.1581198624309809,0.353333333333333,0.44750904461598406,6,0.5274978658411029,1.1133333333333344,0.4738004783003914,9,0.10331950291836386,0.19333333333333322,0.5344112219915376,3,0.006068988267383286,0.1666666666666666,0.036413929604299726,1,0.0,0.0,0.0,0,0.0,0.0,0.0,0,0.0468686202923238,0.5499999999999996,0.08521567325877061,4,0.0,0.0,0.0,0,0.0,0.1666666666666666,0.0,1,0.0,0.0,0.0,0,0.0,0.0,0.0,0,0.0016529205919394382,0.1666666666666666,0.009917523551636633,1,0.0,0.0,0.0,0,0.0,0.0,0.0,0
520000,0.05873253703821051,0.05,1.1746507407642102,1,0.36375943476034056,0.35999999999999965,1.0104428743342804,5,0.5305403214073222,0.44999999999999946,1.178978492016273,7,0.23829580363280695,0.2299999999999998,1.0360687114469878,5,0.36080080778201334,0.3966666666666663,0.9095818683580177,7,0.5900527325176095,0.5466666666666664,1.0793647546053837,8,0.04117495318481633,0.1433333333333333,0.28726711524290466,2,0.0,0.0,0.0,0,0.0,0.0,0.0,0,0.08874784488043766,0.45333333333333276,0.19576730488331862,4,0.0,0.0,0.0,0,0.0007593548055307001,0.08666666666666667,0.008761786217661924,1,0.0,0.0,0.0,0,0.0,0.0,0.0,0,0.00010002161181662907,0.11333333333333334,0.0008825436336761388,1,0.004724602549319144,0.01,0.47246025493191435,1,0.0,0.0,0.0,0
530000,0.19290161656314256,0.23666666666666647,0.8150772530837016,3,0.10386364261541695,0.12000000000000001,0.8655303551284744,2,0.3867178843167392,0.4833333333333327,0.8001059675518752,5,0.3164391640084119,0.3299999999999996,0.9589065576012492,5,0.32931109516314333,0.5199999999999995,0.6332905676214301,5,0.5572160972764859,0.6500000000000002,0.8572555342715165,7,0.28175747362808384,0.4999999999999994,0.5635149472561684,7,0.0,0.0,0.0,0,0.0,0.0,0.0,0,0.03124164269220646,0.5499999999999996,0.056802986713102695,5,0.0,0.0,0.0,0,0.028279901988465507,0.17666666666666658,0.16007491691584258,2,0.0,0.0,0.0,0,0.0,0.0,0.0,0,0.0,0.13999999999999999,0.0,1,0.0,0.0,0.0,0,0.0,0.0,0.0,0
540000,0.06958382264529173,0.2033333333333332,0.34221552120635296,2,0.18566773129833375,0.26666666666666644,0.6962539923687522,2,0.10563253035776582,0.1666666666666666,0.6337951821465951,4,0.17871267355825357,0.22333333333333316,0.8002060010071061,4,0.4147566236278874,0.6966666666666671,0.595344435829503,7,0.20975455388086908,0.29333333333333306,0.7150723427756908,4,0.5318951584637299,1.1866666666666674,0.44822625713235636,8,0.0,0.0,0.0,0,0.06322096078592543,0.15666666666666662,0.4035380475697369,1,0.07354649732571703,0.9000000000000018,0.08171833036190765,7,0.0,0.0,0.0,0,0.0037485653074081564,0.333333333333333,0.01124569592222448,2,0.0,0.0,0.0,0,0.0,0.0,0.0,0,0.0,0.1666666666666666,0.0,1,0.0,0.0,0.0,0,0.0,0.0,0.0,0
550000,0.0,0.1666666666666666,0.0,1,0.07635075264675842,0.11,0.6940977513341674,1,0.10609806219072035,0.22333333333333316,0.4750659501077034,2,0.055933599616989384,0.1666666666666666,0.3356015977019364,1,0.09912913491948544,0.313333333333333,0.316369579530273,3,0.2939719191199083,0.3833333333333329,0.7668832672693268,3,0.24359040267483761,0.770000000000001,0.3163511723049835,8,0.0,0.0,0.0,0,0.05825790184319417,0.1666666666666666,0.34954741105916515,1,0.18953792231258643,1.1866666666666674,0.1597229682409435,8,0.0,0.0,0.0,0,0.0003428471495425629,0.333333333333333,0.00102854144862769,2,0.0,0.0,0.0,0,0.0,0.0,0.0,0,0.00045585632729605043,0.1666666666666666,0.0027351379637763035,1,0.0,0.0,0.0,0,0.0,0.0,0.0,0
560000,0.0,0.1666666666666666,0.0,1,0.0,0.0,0.0,0,0.15718793356164923,0.26666666666666644,0.5894547508561852,2,0.005442372841086533,0.17666666666666658,0.0308058840061502,2,0.0,0.1666666666666666,0.0,1,0.04217776669591077,0.05666666666666667,0.7443135299278371,1,0.2524799430556816,0.6966666666666673,0.36241140151533213,6,0.0,0.0,0.0,0,0.06164295479073838,0.17333333333333323,0.3556324314850293,2,0.1576725787573764,1.0700000000000018,0.14735755024053843,7,0.0,0.0,0.0,0,0.06506131411297138,0.4899999999999993,0.13277819206728872,3,0.0,0.0,0.0,0,0.0,0.0,0.0,0,0.03650276754729019,0.24333333333333312,0.1500113734820146,2,0.017698436158783606,0.09000000000000001,0.19664929065315115,1,0.0,0.0,0.0,0
570000,0.04164309056437338,0.22333333333333316,0.1864615995419705,2,0.0,0.0,0.0,0,0.0,0.0,0.0,0,0.05668536299571197,0.16999999999999993,0.3334433117394823,2,0.012968661525491365,0.25666666666666643,0.05052725269671965,2,0.0,0.0,0.0,0,0.0782871070628568,0.34999999999999964,0.22367744875101964,4,0.0177978894015493,0.06333333333333334,0.28101930634025213,1,0.07953376067252961,0.1666666666666666,0.47720256403517786,1,0.12634898581172244,1.1666666666666674,0.10829913069576202,7,0.0,0.0,0.0,0,0.1391456757735268,0.43666666666666615,0.3186542193286877,3,0.0057503548059607175,0.02666666666666667,0.2156383052235269,1,0.0,0.0,0.0,0,0.09459981701109546,0.333333333333333,0.2837994510332867,2,0.010327666494534786,0.04,0.25819166236336966,1,0.0,0.0,0.0,0
580000,0.18163282567508193,0.3766666666666662,0.48221104161526235,3,0.02150945912215936,0.030000000000000002,0.7169819707386453,1,0.047783763218038885,0.1433333333333333,0.333375092218876,1,0.001742318057836992,0.1666666666666666,0.010453908347021956,1,0.052712808062021145,0.26999999999999974,0.19523262245193035,2,0.055907162887566586,0.1666666666666666,0.3354429773253996,1,0.01138603262186434,0.1899999999999999,0.05992648748349656,2,0.05433672344507907,0.24333333333333312,0.22330160319895526,2,0.032159536806152376,0.1666666666666666,0.19295722083691433,1,0.08737275613899138,1.283333333333333,0.068082667121292,8,0.012347314927521127,0.030000000000000002,0.41157716425070423,1,0.032238321691744044,0.333333333333333,0.09671496507523224,2,0.007588722526641887,0.023333333333333334,0.32523096542750946,1,0.0,0.0,0.0,0,0.028630119008259826,0.22999999999999982,0.12447877829678194,2,0.02034922843533652,0.05,0.4069845687067304,1,0.027917608157079377,0.08,0.3489701019634922,2
590000,0.06265945700901242,0.09,0.6962161889890269,3,0.2211353074114031,0.29666666666666636,0.7453999126227079,2,0.037176094519320614,0.1666666666666666,0.22305656711592378,1,0.005793167641247936,0.1666666666666666,0.03475900584748763,1,0.026856058242466518,0.333333333333333,0.08056817472739963,2,0.05745368277142908,0.1666666666666666,0.3447220966285746,1,0.06721827822957681,0.333333333333333,0.20165483468873063,2,0.08418873113332537,0.333333333333333,0.2525661933999764,2,0.0,0.1666666666666666,0.0,1,0.0580847461182596,1.3333333333333324,0.043563559588694734,8,0.011392616361190695,0.030000000000000002,0.37975387870635646,1,0.0230793162352001,0.40999999999999953,0.05629101520780519,3,0.0,0.0,0.0,0,0.0,0.0,0.0,0,0.004971876046553429,0.1666666666666666,0.029831256279320584,1,0.0,0.0,0.0,0,0.014059847283960295,0.03666666666666667,0.3834503804716444,1
600000,0.20686320100081487,0.28666666666666646,0.7216158174447036,4,0.15430300395391192,0.21333333333333318,0.7232953310339626,4,0.20772131466816068,0.33666666666666634,0.6169940039648343,3,0.050580032402109225,0.15999999999999995,0.31612520251318277,2,0.09905161313225536,0.23666666666666647,0.4185279428123469,3,0.07488328618197378,0.29333333333333306,0.2552839301658199,3,0.0062832546340262875,0.2266666666666665,0.027720241032468937,2,0.0631995933939072,0.23333333333333314,0.2708554002596025,2,0.009893970102605005,0.1666666666666666,0.05936382061563005,1,0.06771815251345069,1.1966666666666672,0.05658898538728467,8,0.0,0.0,0.0,0,0.01453686811322362,0.49999999999999933,0.029073736226447277,3,0.0,0.0,0.0,0,0.0,0.0,0.0,0,0.002277683639610841,0.14666666666666664,0.015529661179164827,1,0.0,0.0,0.0,0,0.0,0.0,0.0,0
610000,0.25805592354250034,0.3699999999999996,0.6974484420067584,3,0.2811388520509839,0.32999999999999974,0.8519359153060124,4,0.12576440071887393,0.2266666666666665,0.5548429443479737,3,0.18214494392226238,0.28999999999999976,0.6280860135250432,2,0.12205258243506015,0.17666666666666658,0.6908636741607181,3,0.2283187959816273,0.41333333333333283,0.5523841838265183,4,0.04822508020802817,0.26999999999999974,0.17861140817788226,2,0.0,0.0,0.0,0,0.017415249316777588,0.06999999999999999,0.24878927595396555,1,0.11053975048091563,1.1666666666666674,0.09474835755507048,7,0.0,0.0,0.0,0,0.018419944186983738,0.5699999999999997,0.03231569155611184,4,0.0,0.0,0.0,0,0.0,0.0,0.0,0,0.0016691286140806134,0.0033333333333333335,0.5007385842241839,1,0.0,0.0,0.0,0,0.0,0.0,0.0,0
620000,0.2628344987010676,0.3899999999999995,0.6739346120540204,3,0.3756397645683366,0.4066666666666662,0.9237043391024681,4,0.27034958467542797,0.3499999999999997,0.7724273847869377,5,0.11079766784247695,0.14666666666666664,0.7554386443805248,2,0.12770049714928175,0.22999999999999982,0.5552195528229645,2,0.16486527711679433,0.2533333333333331,0.6507839886189256,3,0.2364823737953839,0.5499999999999997,0.42996795235524365,4,0.0,0.0,0.0,0,0.0,0.0,0.0,0,0.03405088819979765,1.1666666666666674,0.02918647559982654,7,0.0,0.0,0.0,0,0.005658329716960384,0.6666666666666671,0.008487494575440572,4,0.0,0.0,0.0,0,0.0,0.0,0.0,0,0.0826978790532764,0.1666666666666666,0.4961872743196586,1,0.0,0.0,0.0,0,0.0,0.0,0.0,0
630000,0.12713735021214478,0.343333333333333,0.37030296178294636,4,0.3479243243908892,0.44999999999999946,0.7731651653130881,3,0.28932656272791274,0.333333333333333,0.8679796881837392,4,0.16055151173533697,0.1933333333333332,0.8304388538034677,4,0.16785896931438388,0.2633333333333331,0.6374391239786735,3,0.1020214323127539,0.1666666666666666,0.6121285938765236,2,0.22596322118617118,0.4266666666666662,0.5296012996550893,4,0.0,0.0,0.0,0,0.03662732810804205,0.09666666666666668,0.37890339422112457,1,0.0,1.1666666666666674,0.0,7,0.0,0.0,0.0,0,0.008916660744231406,0.6666666666666671,0.0133749911163471,4,0.009492202169626545,0.06333333333333334,0.1498768763625244,1,0.0,0.0,0.0,0,0.03454730835825097,0.1666666666666666,0.2072838501495059,1,0.0,0.0,0.0,0,0.0,0.0,0.0,0
640000,0.00438397586909204,0.333333333333333,0.013151927607276133,2,0.15412609157021245,0.24999999999999978,0.6165043662808504,3,0.3249236135646132,0.3699999999999996,0.8781719285530095,3,0.12678256471100163,0.15666666666666662,0.8092504130489468,3,0.25494179347651746,0.3166666666666664,0.8050793478205822,4,0.235405094564739,0.36333333333333295,0.6479039299946951,4,0.044825987073481885,0.06999999999999999,0.6403712439068842,1,0.0,0.0,0.0,0,0.07249635049394781,0.1666666666666666,0.43497810296368705,1,0.08283417717199015,1.150000000000001,0.07202971927999137,7,0.0,0.0,0.0,0,0.06945688276541581,0.5433333333333329,0.12783475355598012,4,0.0,0.0,0.0,0,0.0,0.0,0.0,0,0.0,0.1666666666666666,0.0,1,0.0,0.0,0.0,0,0.0,0.0,0.0,0
650000,0.0015218369947094317,0.3366666666666663,0.004520307905077525,3,0.005602038343994758,0.1666666666666666,0.03361223006396856,1,0.0988106865025457,0.09333333333333334,1.0586859268129896,2,0.19264080146161697,0.4066666666666662,0.4737068888400423,3,0.0903697092480202,0.11,0.8215428113456381,1,0.3886309890972932,0.46666666666666606,0.8327806909227723,5,0.17331703101275037,0.25666666666666643,0.6752611597899371,3,0.07336299224164856,0.16333333333333327,0.4491611769896853,1,0.023102814484807783,0.1666666666666666,0.13861688690884674,1,0.0804265190402592,0.8500000000000016,0.09461943416501065,6,0.0,0.0,0.0,0,0.10132546764682987,0.3366666666666663,0.30096673558464354,3,0.0,0.0,0.0,0,0.0,0.0,0.0,0,0.04165212920738776,0.24333333333333312,0.17117313372899096,2,0.0,0.0,0.0,0,0.0,0.0,0.0,0
660000,0.20155041318064038,0.6966666666666671,0.28930681317795254,6,0.0008002910320578658,0.1666666666666666,0.004801746192347196,1,0.03836396083792319,0.08666666666666667,0.44266108659142145,2,0.04113201463754092,0.6666666666666671,0.06169802195631134,4,0.005082926936904724,0.016666666666666666,0.30497561621428343,1,0.10273217403106515,0.18333333333333324,0.5603573128967193,2,0.24447398045622712,0.6500000000000002,0.3761138160865031,4,0.04354323251687842,0.26999999999999974,0.1612712315439943,2,0.008571597262086622,0.1666666666666666,0.05142958357251975,1,0.004545728913642411,0.8333333333333348,0.005454874696370883,5,0.0,0.0,0.0,0,0.07678013610346861,0.35333333333333294,0.21730227199094912,3,0.04018034893083588,0.13333333333333333,0.3013526169812691,3,0.0,0.0,0.0,0,0.1315512305857698,0.3166666666666663,0.4154249386919051,2,0.0,0.0,0.0,0,0.0,0.0,0.0,0
670000,0.4357395868155361,0.7733333333333344,0.5634563622614683,9,0.3290555361213843,0.6233333333333334,0.5278965820129159,6,0.09671851870137155,0.5666666666666664,0.1706797388847734,4,0.001649701777501279,0.6666666666666671,0.002474552666251917,4,0.05945259916901455,0.2766666666666664,0.21488891265908894,2,0.00023962175027522953,0.1666666666666666,0.0014377305016513777,1,0.010375725392233371,0.6666666666666671,0.015563588088350047,4,0.05247873139336448,0.30999999999999966,0.16928623030117593,2,0.0,0.1666666666666666,0.0,1,0.0,0.8333333333333348,0.0,5,0.024453380257489752,0.08333333333333333,0.29344056308987704,3,0.03215196987645234,0.333333333333333,0.09645590962935711,2,0.017850129821349436,0.09333333333333334,0.19125139094302965,2,0.0,0.0,0.0,0,0.03136824217176243,0.07333333333333333,0.4277487568876695,2,0.0,0.0,0.0,0,0.04377681190608834,0.16333333333333327,0.26802129738421443,3
680000,0.34709679138802696,0.543333333333333,0.638828450407412,7,0.657290244083772,1.1433333333333342,0.5748894263123366,10,0.27748816904773493,0.8566666666666682,0.32391615063937873,7,0.013187081219326323,0.6666666666666671,0.019780621828989473,4,0.03556591146760437,0.28333333333333305,0.12552674635625086,2,0.0,0.1666666666666666,0.0,1,0.0,0.6666666666666671,0.0,4,0.028367137820565647,0.1666666666666666,0.17020282692339395,1,0.0,0.1666666666666666,0.0,1,0.0163290655939146,0.8333333333333348,0.019594878712697484,5,0.01219942358944744,0.04666666666666667,0.2614162197738737,1,0.0005638243828969175,0.333333333333333,0.0016914731486907543,2,0.0,0.0,0.0,0,0.0,0.0,0.0,0,0.08069076975500346,0.1666666666666666,0.48414461853002094,1,0.0,0.0,0.0,0,0.0,0.0,0.0,0
690000,0.20172698072513534,0.37666666666666626,0.5355583559074395,4,0.6390449876917901,1.0000000000000024,0.6390449876917885,9,0.7403174833733283,1.2633333333333332,0.5860032849920804,11,0.19668692422203965,0.48999999999999944,0.40140188616742833,7,0.24153526085296156,0.4499999999999995,0.536745024117693,5,0.016700646645130927,0.1899999999999999,0.08789814023753124,2,0.0005391793945877861,0.6666666666666671,0.0008087690918816787,4,0.023161735438598206,0.07666666666666666,0.3021095926773679,1,0.05419335633197851,0.1899999999999999,0.2852281912209397,3,0.14270519212312818,0.6500000000000002,0.21954644942019713,5,0.0,0.0,0.0,0,0.0,0.333333333333333,0.0,2,0.0,0.0,0.0,0,0.0,0.0,0.0,0,0.052347414636607574,0.1666666666666666,0.31408448781964554,1,0.010696109161449016,0.03666666666666667,0.2917120680395186,1,0.0,0.0,0.0,0
700000,0.17545077816284396,0.3599999999999996,0.4873632726745671,4,0.315827698219413,0.49666666666666615,0.6358946944015033,7,0.6383131877960084,1.0333333333333354,0.6177224398025876,11,0.34168251011252054,0.4733333333333328,0.7218644579841992,6,0.36623684368498116,0.6600000000000005,0.5549043086136074,7,0.23561235885798118,0.3699999999999996,0.6367901590756255,4,0.058308724981359,0.7500000000000009,0.07774496664181191,5,0.0,0.0,0.0,0,0.21422455654774739,0.5133333333333328,0.41732056470340445,4,0.0,0.0,0.0,0,0.0,0.0,0.0,0,0.0,0.333333333333333,0.0,2,0.0,0.0,0.0,0,0.0,0.0,0.0,0,0.0004165103213095184,0.1666666666666666,0.0024990619278571114,1,0.0,0.0,0.0,0,0.0,0.0,0.0,0
710000,0.2438606709775323,0.3199999999999997,0.7620645968047892,4,0.29634429604367024,0.4466666666666661,0.6634573792022477,4,0.44660198417697705,0.6433333333333335,0.6941999754046273,6,0.4120756199459828,0.6,0.6867926999099714,7,0.41020760351518026,0.6833333333333338,0.6003038100222147,8,0.2866050748082284,0.5266666666666663,0.5441868509016998,7,0.2794067754989804,0.6533333333333337,0.42766343188619427,7,0.0,0.0,0.0,0,0.20452346154842976,0.6700000000000004,0.3052588978334771,5,0.0,0.0,0.0,0,0.0,0.0,0.0,0,0.0,0.333333333333333,0.0,2,0.0,0.0,0.0,0,0.0,0.0,0.0,0,0.0,0.1666666666666666,0.0,1,0.0,0.0,0.0,0,0.0,0.0,0.0,0
720000,0.11842264151024953,0.2166666666666665,0.5465660377396137,2,0.4370164006642395,0.5933333333333333,0.7365444955015273,5,0.17041181947138423,0.20666666666666653,0.8245733200228275,4,0.2344574302549472,0.3566666666666663,0.6573572810886377,4,0.4351140598626358,0.6400000000000002,0.6798657185353681,7,0.5809224684496099,0.9600000000000023,0.6051275713016756,6,0.14814458483654466,0.2966666666666664,0.49936376911194874,3,0.0,0.0,0.0,0,0.14937455358899127,0.8333333333333348,0.1792494643067892,5,0.004916777821692754,0.0033333333333333335,1.4750333465078262,1,0.008506587576525252,0.023333333333333334,0.36456803899393936,1,0.024878910772737947,0.39666666666666617,0.06271994312454952,3,0.0,0.0,0.0,0,0.0,0.0,0.0,0,0.0,0.1666666666666666,0.0,1,0.0,0.0,0.0,0,0.0,0.0,0.0,0
730000,0.0036261485148389562,0.1666666666666666,0.021756891089033746,1,0.07210413524610511,0.10333333333333333,0.6977819539945656,3,0.39999976305793894,0.5299999999999996,0.7547165340715835,5,0.1588183823741581,0.2033333333333332,0.781074011676188,3,0.27733019195625047,0.4066666666666662,0.6819594884170102,5,0.5200096258136766,0.7633333333333342,0.6812353176598376,9,0.2955253347869383,0.43999999999999945,0.6716484881521334,4,0.04041771844691158,0.11000000000000001,0.3674338040628325,1,0.03413132996266871,0.8333333333333348,0.04095759595520238,5,0.06661533752728482,0.1666666666666666,0.3996920251637091,1,0.018254557216312563,0.07,0.26077938880446516,2,0.05308046976551922,0.38999999999999957,0.13610376862953663,3,0.0,0.0,0.0,0,0.0,0.0,0.0,0,0.0,0.1666666666666666,0.0,1,0.0,0.0,0.0,0,0.0,0.0,0.0,0
740000,0.0,0.1666666666666666,0.0,1,0.05593590592566633,0.1666666666666666,0.3356154355539981,1,0.051448472651766275,0.2033333333333332,0.2530252753365556,2,0.18440881364059244,0.3633333333333329,0.5075471935062184,4,0.2062078863342625,0.29333333333333306,0.7029814306849865,4,0.41627205990398725,0.5599999999999997,0.7433429641142633,5,0.30315217640497893,0.6833333333333338,0.4436373313243591,7,0.09137593105152364,0.25333333333333313,0.3606944646770673,2,0.1012412593811355,0.6300000000000002,0.16070041171608804,5,0.0,0.1666666666666666,0.0,1,0.0,0.0,0.0,0,0.06171713280218047,0.37333333333333296,0.16531374857726927,4,0.0,0.0,0.0,0,0.0,0.0,0.0,0,0.020284014407523532,0.16333333333333327,0.1241878433113686,1,0.0,0.0,0.0,0,0.0,0.0,0.0,0
750000,0.06380677437456792,0.2966666666666664,0.21507901474573474,4,0.0,0.1666666666666666,0.0,1,0.03540025232703317,0.23666666666666647,0.14957853095929521,2,0.004851226742159522,0.333333333333333,0.014553680226478582,2,0.07229698658517211,0.49666666666666603,0.14556440252048095,3,0.0669098398812994,0.1,0.6690983988129939,2,0.34165291984307206,0.9766666666666689,0.34981527628983405,7,0.05547877972576497,0.1666666666666666,0.33287267835458995,1,0.03736050230926747,0.22333333333333316,0.16728583123552612,2,0.006516377079594069,0.1666666666666666,0.03909826247756443,1,0.0,0.0,0.0,0,0.11956931310561632,0.49999999999999933,0.23913862621123294,3,0.01613644343543813,0.043333333333333335,0.3723794638947261,1,0.0,0.0,0.0,0,0.05852042024135628,0.06333333333333334,0.9240066353898359,1,0.02410375515539096,0.08666666666666667,0.2781202517929726,1,0.0,0.0,0.0,0
760000,0.4063358550514058,0.7866666666666677,0.5165286293026338,6,0.07565373635584369,0.27999999999999975,0.27019191555658484,3,0.025413215447015136,0.333333333333333,0.07623964634104549,2,0.0,0.333333333333333,0.0,2,0.024150071496458557,0.3833333333333329,0.06300018651250065,3,0.0,0.0,0.0,0,0.04890648799898735,1.0000000000000024,0.04890648799898723,6,0.033203427837983905,0.11,0.30184934398167185,1,0.0,0.1666666666666666,0.0,1,0.0733572301632551,0.323333333333333,0.22687803143274798,2,0.0,0.0,0.0,0,0.02633896006153231,0.49999999999999933,0.052677920123064687,3,0.0,0.0,0.0,0,0.0,0.0,0.0,0,0.09847765383269017,0.11666666666666667,0.8440941757087729,1,0.01937175833982988,0.06999999999999999,0.2767394048547126,2,0.0,0.0,0.0,0
