Time,E1_C,E2_C,E3_C,E4_C,E5_C,E6_C,E7_C,off_R1_C,off_R2_C,off_R3_C,off_R4_C,on_R1_C,on_R2_C,on_R3_C,on_R4_C,on_R5_C,on_R6_C
10,0,0,0,0,0,0,0,0,0,0,0,0,0,0,0,0,0
20,4,0,0,0,0,0,0,0,0,0,0,0,0,0,0,0,2
30,5,2,0,0,0,1,0,0,0,0,0,0,0,0,0,0,1
40,8,6,2,0,1,0,0,0,0,0,0,0,0,0,0,0,0
50,13,6,7,1,0,1,0,0,0,0,0,0,0,0,0,0,0
60,3,12,5,7,4,1,0,0,0,0,0,0,0,0,0,0,0
70,0,5,10,6,6,2,0,0,0,0,0,6,0,0,0,0,0
80,0,1,7,8,7,5,0,0,0,0,0,4,2,0,0,0,0
90,0,0,2,0,0,6,0,0,0,0,0,1,1,1,5,4,0
100,0,0,0,0,0,0,0,0,0,0,0,1,0,0,0,2,1
110,16,0,0,0,0,0,0,0,0,0,0,0,0,0,3,2,1
120,15,11,0,3,4,0,0,0,0,0,0,0,0,0,1,2,1
130,5,20,10,3,9,1,0,0,0,0,0,0,0,0,0,0,0
140,3,7,17,8,6,7,0,0,0,0,0,0,0,0,0,0,0
150,11,5,17,14,5,4,0,0,0,0,0,0,0,0,0,0,0
160,7,10,7,13,10,4,0,0,0,0,0,0,0,0,0,0,0
170,1,7,10,3,10,6,0,0,0,0,0,4,0,0,0,0,0
180,0,3,7,10,5,8,0,0,0,0,0,3,1,0,0,0,0
190,0,0,4,0,0,6,0,0,0,0,0,2,0,0,7,4,0
200,0,0,0,0,0,0,0,0,0,0,0,1,0,0,6,5,2
210,15,0,0,0,0,0,0,0,0,0,0,0,1,0,2,2,1
220,22,7,0,3,4,0,0,0,0,0,0,0,0,0,0,0,0
230,12,22,7,3,5,0,0,0,0,0,0,0,0,0,0,0,0
240,7,16,18,9,6,12,0,0,0,0,0,0,0,0,0,0,0
250,5,9,23,14,10,5,0,0,0,0,0,0,0,0,0,0,0
260,5,7,8,15,13,4,0,0,0,0,0,0,0,0,0,0,0
270,3,2,7,6,14,9,0,0,0,0,0,4,0,0,0,0,0
280,0,4,3,6,7,13,0,0,0,0,0,8,1,1,0,0,0
290,0,0,4,0,0,11,0,0,0,0,0,5,2,1,6,3,0
300,0,0,0,0,0,0,0,0,0,0,0,1,0,0,1,1,2
310,15,0,0,0,0,0,0,0,0,0,0,0,1,0,3,0,2
320,21,7,0,0,0,0,0,0,0,0,0,0,0,0,2,0,1
330,16,18,6,3,12,0,0,0,0,0,0,0,0,0,0,0,1
340,8,17,20,7,5,8,0,0,0,0,0,0,0,0,0,0,0
350,9,20,18,17,6,6,0,0,0,0,0,0,0,0,0,0,0
360,5,8,17,10,14,5,0,0,0,0,0,0,0,0,0,0,0
370,3,3,12,11,10,9,0,0,0,0,0,3,0,0,0,0,0
380,0,4,6,11,11,12,0,0,0,0,0,8,1,0,0,0,0
390,0,0,5,2,3,4,0,0,0,0,0,7,3,0,4,2,0
400,0,0,0,0,0,2,0,0,0,0,0,4,0,0,1,2,1
410,10,0,0,0,0,0,0,0,0,0,0,0,0,0,1,0,1
420,22,6,0,0,0,0,0,0,0,0,0,0,0,1,0,0,1
430,12,16,4,6,11,0,0,0,0,0,0,0,0,0,0,0,1
440,9,17,16,4,6,10,0,0,0,0,0,0,0,0,0,0,0
450,7,14,18,16,2,12,0,0,0,0,0,0,0,0,0,0,0
460,7,7,16,12,14,6,0,0,0,0,0,0,0,0,0,0,0
470,7,7,11,14,12,8,0,0,0,0,0,2,0,0,0,0,0
480,0,5,5,8,11,12,0,0,0,0,0,9,1,1,0,0,0
490,0,0,6,2,2,11,0,0,0,0,0,1,1,0,3,2,0
500,0,0,3,0,0,0,0,0,0,0,0,1,0,0,0,1,2
510,10,0,0,0,0,0,0,0,0,0,0,0,0,0,2,2,3
520,21,4,0,0,0,0,0,0,0,0,0,0,0,0,1,1,0
530,19,20,0,9,10,0,0,0,0,0,0,0,0,0,0,0,0
540,9,16,16,2,6,9,0,0,0,0,0,0,0,0,0,0,0
550,5,17,18,16,7,7,0,0,0,0,0,0,0,0,0,0,0
560,8,10,17,14,12,7,0,0,0,0,0,0,0,0,0,0,0
570,7,7,12,15,13,8,0,0,0,0,0,2,0,0,0,0,0
580,0,9,6,10,8,10,0,0,0,0,0,8,0,0,0,0,0
590,0,0,10,5,3,10,0,0,0,0,0,6,1,0,4,2,0
600,0,0,2,0,0,1,0,0,0,0,0,2,1,0,3,4,2
610,7,0,0,0,0,0,0,0,0,0,0,0,0,1,0,5,3
620,21,3,0,0,0,0,0,0,0,0,0,0,0,0,0,2,2
630,23,16,0,12,10,0,0,0,0,0,0,0,0,0,0,0,0
640,10,20,9,1,10,6,0,0,0,0,0,0,0,0,0,0,1
650,6,16,23,12,9,8,0,0,0,0,0,0,0,0,0,0,0
660,6,11,18,17,10,12,0,0,0,0,0,0,0,0,0,0,0
670,5,3,15,14,15,5,0,0,0,0,0,2,0,0,0,0,0
680,0,7,9,13,13,10,0,0,0,0,0,7,0,0,0,0,0
690,0,0,7,3,6,14,0,0,0,0,0,0,3,0,3,2,0
700,0,0,4,0,0,3,0,0,0,0,0,0,5,0,5,1,1
710,5,0,1,0,0,0,0,0,0,0,0,0,3,0,3,0,5
720,21,4,0,0,0,0,0,0,0,0,0,0,0,0,3,0,0
730,14,9,0,8,7,0,0,0,0,0,0,0,0,0,1,0,1
740,7,18,5,3,10,5,0,0,0,0,0,0,0,0,0,0,0
750,4,17,20,4,7,10,0,0,0,0,0,0,0,0,0,0,0
760,7,7,19,15,6,7,0,0,0,0,0,0,0,0,0,0,0
770,6,6,16,15,12,4,0,0,0,0,0,0,0,0,0,0,0
780,0,8,9,12,11,5,0,0,0,0,0,5,0,0,0,0,0
790,0,0,7,5,7,12,0,0,0,0,0,0,3,2,2,1,0
800,0,0,5,0,0,5,0,0,0,0,0,1,2,1,7,4,1
810,5,0,3,0,0,0,0,0,0,0,0,1,0,0,0,2,4
820,20,0,0,0,0,0,0,0,0,0,0,0,0,0,1,0,0
830,17,14,0,7,8,0,0,0,0,0,0,0,0,0,0,0,2
840,12,17,0,5,16,6,0,0,0,0,0,0,0,0,0,0,0
850,9,16,20,0,9,10,0,0,0,0,0,0,0,0,0,0,0
860,5,8,21,18,1,12,0,0,0,0,0,0,0,0,0,0,0
870,8,8,16,18,11,3,0,0,0,0,0,0,0,0,0,0,0
880,0,6,11,13,16,6,0,0,0,0,0,8,0,0,0,0,0
890,0,2,6,7,9,11,0,0,0,0,0,7,2,0,2,1,0
900,0,0,6,0,0,5,0,0,0,0,0,3,0,0,3,4,1
910,5,0,2,0,0,0,0,0,0,0,0,1,3,0,0,4,1
920,17,0,0,0,0,0,0,0,0,0,0,0,0,0,1,1,1
930,22,13,0,6,6,0,0,0,0,0,0,0,0,0,0,0,0
940,10,18,0,6,13,3,0,0,0,0,0,0,0,0,0,0,0
950,9,15,10,0,11,16,0,0,0,0,0,0,0,0,0,0,0
960,11,14,19,11,0,14,0,0,0,0,0,0,0,0,0,0,0
970,9,10,22,16,11,3,0,0,0,0,0,0,0,0,0,0,0
980,0,8,19,18,12,4,0,0,0,0,0,6,0,0,0,0,0
990,0,4,12,10,13,10,0,0,0,0,0,5,2,0,2,1,0
1000,0,0,8,0,0,9,0,0,0,0,0,3,0,0,7,4,0
1010,0,0,3,0,0,0,0,0,0,0,0,3,1,0,2,4,1
1020,19,0,0,0,0,0,0,0,0,0,0,0,0,0,0,2,0
1030,24,8,0,4,4,0,0,0,0,0,0,0,0,0,0,1,1
1040,10,20,0,9,12,4,0,0,0,0,0,0,0,0,0,0,0
1050,6,19,5,0,12,12,0,0,0,0,0,0,0,0,0,0,0
1060,6,7,19,7,2,10,0,0,0,0,0,0,0,0,0,0,0
1070,6,7,21,15,8,5,0,0,0,0,0,0,0,0,0,0,0
1080,0,9,13,17,11,4,0,0,0,0,0,6,0,0,0,0,0
1090,0,1,9,5,9,7,0,0,0,0,0,1,2,1,0,0,0
1100,0,0,4,0,0,10,0,0,0,0,0,1,0,0,4,4,0
1110,0,0,1,0,0,0,0,0,0,0,0,3,2,0,2,4,4
1120,17,0,0,0,0,0,0,0,0,0,0,0,0,0,3,0,1
1130,25,10,0,4,4,0,0,0,0,0,0,0,0,0,1,0,1
1140,8,18,0,6,7,4,0,0,0,0,0,0,0,0,0,0,0
1150,5,18,0,0,8,10,0,0,0,0,0,0,0,0,0,0,0
1160,6,8,20,3,0,6,0,0,0,0,0,0,0,0,0,0,0
1170,12,7,24,17,3,3,0,0,0,0,0,0,0,0,0,0,0
1180,2,6,17,19,10,1,0,0,0,0,0,4,0,0,0,0,0
1190,0,8,8,12,14,6,0,0,0,0,0,10,2,0,0,0,0
1200,0,0,8,0,0,8,0,0,0,0,0,9,3,1,7,3,0
1210,0,0,4,0,0,0,0,0,0,0,0,5,0,0,3,0,3
1220,15,0,2,0,0,0,0,0,0,0,0,0,1,0,0,0,4
1230,23,9,0,4,4,0,0,0,0,0,0,0,1,0,0,0,0
1240,15,20,0,9,12,0,0,0,0,0,0,0,0,0,0,0,1
1250,10,20,0,1,12,12,0,0,0,0,0,0,0,0,0,0,0
1260,7,16,13,0,6,13,0,0,0,0,0,0,0,0,0,0,0
1270,7,7,20,13,0,9,0,0,0,0,0,0,0,0,0,0,0
1280,0,5,19,15,11,0,0,0,0,0,0,4,0,0,0,0,0
1290,0,2,19,16,12,2,0,0,0,0,0,9,1,1,0,0,0
1300,0,0,7,0,2,10,0,0,0,0,0,4,4,1,6,3,0
1310,0,0,4,0,0,1,0,0,0,0,0,2,1,0,2,4,3
1320,14,0,4,0,0,0,0,0,0,0,0,0,0,0,0,1,1
1330,20,4,0,0,0,0,0,0,0,0,0,0,0,0,0,0,0
1340,12,21,0,15,13,0,0,0,0,0,0,0,0,0,0,0,0
1350,4,13,0,12,15,9,0,0,0,0,0,0,0,0,0,0,0
1360,8,6,9,0,15,14,0,0,0,0,0,0,0,0,0,0,0
1370,2,8,22,9,2,13,0,0,0,0,0,0,0,0,0,0,0
1380,5,2,17,19,8,5,0,0,0,0,0,4,0,0,0,0,0
1390,0,5,6,10,14,3,0,0,0,0,0,8,1,0,0,0,0
1400,0,0,4,1,1,12,0,0,0,0,0,8,4,0,6,2,0
1410,0,0,5,0,0,1,0,0,0,0,0,1,4,0,3,5,2
1420,11,0,2,0,0,0,0,0,0,0,0,0,3,0,0,3,0
1430,23,7,1,0,0,0,0,0,0,0,0,0,0,0,0,1,1
1440,17,18,0,8,13,0,0,0,0,0,0,0,0,0,0,0,2
1450,7,19,0,0,9,8,0,0,0,0,0,0,0,0,0,0,0
1460,9,14,5,0,2,13,0,0,0,0,0,0,0,0,0,0,0
1470,8,11,18,5,0,3,0,0,0,0,0,0,0,0,0,0,0
1480,6,7,24,18,4,0,0,0,0,0,0,2,0,0,0,0,0
1490,0,8,25,20,12,1,0,0,0,0,0,7,1,0,0,0,0
1500,0,0,12,4,3,8,0,0,0,0,0,2,2,0,4,2,0
1510,0,0,7,0,0,3,0,0,0,0,0,1,0,0,2,2,1
1520,10,0,0,0,0,0,0,0,0,0,0,1,0,0,2,0,0
1530,21,2,0,0,0,0,0,0,0,0,0,0,1,0,3,1,1
1540,16,16,0,12,11,0,0,0,0,0,0,0,0,0,0,0,1
1550,7,20,0,10,15,8,0,0,0,0,0,0,0,0,0,0,0
1560,13,12,0,0,16,12,0,0,0,0,0,0,0,0,0,0,0
1570,8,11,15,0,5,13,0,0,0,0,0,0,0,0,0,0,0
1580,5,11,21,14,0,9,0,0,0,0,0,2,0,0,0,0,0
1590,0,7,23,16,13,3,0,0,0,0,0,7,0,0,0,0,0
1600,0,0,12,6,3,4,0,0,0,0,0,2,4,1,4,2,0
1610,0,0,7,0,0,5,0,0,0,0,0,3,3,0,1,4,1
1620,6,0,4,0,0,0,0,0,0,0,0,1,2,0,2,0,0
1630,24,3,1,0,0,0,0,0,0,0,0,0,1,0,0,2,0
1640,16,14,0,12,12,0,0,0,0,0,0,0,0,0,0,1,0
1650,10,19,0,15,13,6,0,0,0,0,0,0,0,0,0,0,1
1660,7,15,0,4,19,15,0,0,0,0,0,0,0,0,0,0,0
1670,9,8,10,0,6,15,0,0,0,0,0,0,0,0,0,0,0
1680,3,8,20,10,1,11,0,0,0,0,0,2,0,0,0,0,0
1690,0,7,22,15,7,2,0,0,0,0,0,7,0,0,0,0,0
1700,0,0,17,8,6,2,0,0,0,0,0,8,4,0,3,2,0
1710,0,0,8,0,0,6,0,0,0,0,0,2,1,0,1,4,1
1720,5,0,2,0,0,0,0,0,0,0,0,2,0,0,2,5,0
1730,22,5,0,0,0,0,0,0,0,0,0,0,0,0,1,1,0
1740,12,15,0,9,7,0,0,0,0,0,0,0,0,0,0,0,0
1750,14,16,0,16,11,4,0,0,0,0,0,0,0,0,0,0,0
1760,8,15,0,1,17,11,0,0,0,0,0,0,0,0,0,0,0
1770,8,10,5,0,6,9,0,0,0,0,0,0,0,0,0,0,0
1780,6,9,19,6,0,10,0,0,0,0,0,0,0,0,0,0,0
1790,0,8,22,16,4,1,0,0,0,0,0,8,0,0,0,0,0
1800,0,0,22,9,5,0,0,0,0,0,0,5,3,1,2,1,0
1810,0,0,14,0,0,3,0,0,0,0,0,1,3,0,5,3,1
1820,5,0,3,0,0,0,0,0,0,0,0,0,0,0,3,0,0
1830,19,0,0,0,0,0,0,0,0,0,0,0,0,0,3,0,1
1840,19,16,0,7,8,0,0,0,0,0,0,0,0,0,0,1,0
1850,6,18,0,16,14,5,0,0,0,0,0,0,0,0,0,0,1
1860,7,14,0,14,18,11,0,0,0,0,0,0,0,0,0,0,0
1870,6,8,0,0,17,13,0,0,0,0,0,0,0,0,0,0,0
1880,6,6,19,1,4,15,0,0,0,0,0,0,0,0,0,0,0
1890,0,5,21,17,1,10,0,0,0,0,0,6,0,0,0,0,0
1900,0,2,22,11,9,1,0,0,0,0,0,2,3,1,2,1,0
1910,0,0,8,0,0,4,0,0,0,0,0,0,4,1,3,4,1
1920,5,0,5,0,0,0,0,0,0,0,0,0,1,0,3,3,3
1930,16,0,6,0,0,0,0,0,0,0,0,0,0,0,1,0,1
1940,22,15,0,6,6,0,0,0,0,0,0,0,0,0,0,0,0
1950,16,20,0,16,11,4,0,0,0,0,0,0,0,0,0,0,0
1960,9,17,0,12,18,12,0,0,0,0,0,0,0,0,0,0,0
1970,5,10,0,1,16,13,0,0,0,0,0,0,0,0,0,0,0
1980,5,9,10,1,3,16,0,0,0,0,0,0,0,0,0,0,0
1990,0,5,23,13,0,6,0,0,0,0,0,6,0,0,0,0,0
2000,0,0,25,13,8,0,0,0,0,0,0,9,2,0,2,1,0
2010,0,0,20,0,0,2,0,0,0,0,0,5,5,0,3,3,0
2020,0,0,5,0,0,0,0,0,0,0,0,0,4,0,1,0,4
2030,20,0,3,0,0,0,0,0,0,0,0,0,0,1,2,1,4
2040,18,13,3,4,4,0,0,0,0,0,0,0,0,0,3,0,1
2050,5,18,0,18,18,4,0,0,0,0,0,0,0,0,0,0,0
2060,6,9,0,17,17,9,0,0,0,0,0,0,0,0,0,0,0
2070,5,5,0,1,18,17,0,0,0,0,0,0,0,0,0,0,0
2080,6,7,5,0,6,16,0,0,0,0,0,0,0,0,0,0,0
2090,1,6,24,7,0,11,0,0,0,0,0,6,0,0,0,0,0
2100,0,2,22,17,3,1,0,0,0,0,0,9,2,0,0,0,0
2110,0,0,11,0,0,0,0,0,0,0,0,5,3,0,8,4,0
2120,0,0,3,0,0,0,0,0,0,0,0,3,0,0,3,1,2
2130,20,0,2,0,0,0,0,0,0,0,0,0,0,0,1,1,0
2140,19,7,1,4,4,0,0,0,0,0,0,0,0,0,3,0,1
2150,17,19,0,15,16,3,0,0,0,0,0,0,0,0,0,0,1
2160,8,13,0,7,11,7,0,0,0,0,0,0,0,0,0,0,0
2170,5,15,0,0,16,13,0,0,0,0,0,0,0,0,0,0,0
2180,7,7,0,0,3,13,0,0,0,0,0,0,0,0,0,0,0
2190,2,5,20,3,1,6,0,0,0,0,0,4,0,0,0,0,0
2200,0,1,25,16,2,1,0,0,0,0,0,9,2,2,0,0,0
2210,0,0,20,0,0,1,0,0,0,0,0,5,2,0,7,3,0
2220,0,0,8,0,0,0,0,0,0,0,0,0,3,0,2,0,3
2230,15,0,4,0,0,0,0,0,0,0,0,0,1,0,0,1,3
2240,21,8,3,4,4,0,0,0,0,0,0,0,0,0,2,2,1
2250,16,18,1,15,11,0,0,0,0,0,0,0,0,0,0,0,0
2260,6,21,0,17,17,8,0,0,0,0,0,0,0,0,0,0,0
2270,5,15,0,8,17,14,0,0,0,0,0,0,0,0,0,0,0
2280,5,4,0,0,12,15,0,0,0,0,0,0,0,0,0,0,0
2290,3,4,15,0,1,13,0,0,0,0,0,4,0,0,0,0,0
2300,0,4,21,11,0,6,0,0,0,0,0,9,1,1,0,0,0
2310,0,0,25,2,1,0,0,0,0,0,0,9,1,1,4,3,0
2320,0,0,11,0,0,0,0,0,0,0,0,4,0,0,2,2,3
2330,14,0,4,0,0,0,0,0,0,0,0,0,0,0,0,1,1
2340,23,9,0,0,0,0,0,0,0,0,0,0,0,0,0,1,0
2350,10,23,1,15,14,0,0,0,0,0,0,0,0,0,0,0,1
2360,4,20,0,19,13,8,0,0,0,0,0,0,0,0,0,0,0
2370,6,7,0,8,18,15,0,0,0,0,0,0,0,0,0,0,0
2380,11,3,0,0,11,13,0,0,0,0,0,0,0,0,0,0,0
2390,4,11,9,0,0,12,0,0,0,0,0,3,0,0,0,0,0
2400,0,4,18,7,0,6,0,0,0,0,0,7,1,1,0,0,0
2410,0,0,25,3,0,0,0,0,0,0,0,3,2,1,5,3,0
2420,0,0,22,0,0,0,0,0,0,0,0,1,2,0,1,4,2
2430,10,0,6,0,0,0,0,0,0,0,0,1,3,0,2,1,2
2440,21,2,1,0,0,0,0,0,0,0,0,0,0,0,1,1,3
2450,10,15,1,14,12,0,0,0,0,0,0,0,0,0,0,0,0
2460,6,16,0,20,9,3,0,0,0,0,0,0,0,0,0,0,0
2470,8,10,0,17,16,11,0,0,0,0,0,0,0,0,0,0,0
2480,3,5,0,5,16,9,0,0,0,0,0,0,0,0,0,0,0
2490,2,4,5,0,3,12,0,0,0,0,0,2,0,0,0,0,0
2500,0,1,16,3,0,8,0,0,0,0,0,8,0,0,0,0,0
2510,0,0,16,4,0,9,0,0,0,0,0,6,0,0,4,2,0
2520,0,0,13,0,0,0,0,0,0,0,0,3,4,0,3,5,2
2530,10,0,11,0,0,0,0,0,0,0,0,0,3,1,0,1,4
2540,20,5,8,0,0,0,0,0,0,0,0,0,2,0,1,1,0
2550,11,18,4,12,9,0,0,0,0,0,0,0,0,0,0,1,1
2560,9,20,1,19,11,4,0,0,0,0,0,0,0,0,0,0,0
2570,5,8,0,15,16,12,0,0,0,0,0,0,0,0,0,0,0
2580,5,6,0,9,15,10,0,0,0,0,0,0,0,0,0,0,0
2590,3,4,0,0,10,13,0,0,0,0,0,2,0,0,0,0,0
2600,0,2,11,0,5,13,0,0,0,0,0,6,0,0,0,0,0
2610,0,0,19,4,0,4,0,0,0,0,0,0,2,3,4,2,0
2620,0,0,10,0,0,1,0,0,0,0,0,2,2,0,5,4,2
2630,9,0,10,0,0,0,0,0,0,0,0,1,2,0,1,1,3
2640,18,5,9,0,0,0,0,0,0,0,0,0,0,0,2,2,0
2650,11,13,6,10,8,0,0,0,0,0,0,0,0,0,0,0,1
2660,7,15,6,16,9,3,0,0,0,0,0,0,0,0,0,0,0
2670,5,15,0,18,12,8,0,0,0,0,0,0,0,0,0,0,0
2680,6,5,0,2,16,8,0,0,0,0,0,0,0,0,0,0,0
2690,4,7,0,0,6,14,0,0,0,0,0,2,0,0,0,0,0
2700,0,4,8,0,0,9,0,0,0,0,0,7,0,0,0,0,0
2710,0,0,8,1,0,0,0,0,0,0,0,8,4,0,3,1,0
2720,0,0,14,0,0,1,0,0,0,0,0,4,1,0,2,2,1
2730,5,0,11,0,0,0,0,0,0,0,0,1,2,1,1,0,3
2740,22,2,14,0,0,0,0,0,0,0,0,0,1,1,0,2,1
2750,12,15,11,8,5,0,0,0,0,0,0,0,0,0,0,1,0
2760,8,20,6,17,9,2,0,0,0,0,0,0,0,0,0,0,1
2770,7,14,1,18,13,5,0,0,0,0,0,0,0,0,0,0,0
2780,6,5,0,13,14,13,0,0,0,0,0,0,0,0,0,0,0
2790,4,5,0,0,15,12,0,0,0,0,0,0,0,0,0,0,0
2800,0,5,5,1,1,13,0,0,0,0,0,8,0,0,0,0,0
2810,0,0,10,0,0,6,0,0,0,0,0,7,2,2,2,1,0
2820,0,0,9,0,0,0,0,0,0,0,0,3,1,0,8,4,1
2830,5,0,19,0,0,0,0,0,0,0,0,0,3,0,1,1,4
2840,19,0,16,0,0,0,0,0,0,0,0,0,3,1,1,0,0
2850,17,14,8,8,5,0,0,0,0,0,0,0,0,0,0,1,2
2860,3,21,4,18,7,3,0,0,0,0,0,0,0,0,0,0,0
2870,7,12,4,20,15,5,0,0,0,0,0,0,0,0,0,0,0
2880,8,8,0,10,18,9,0,0,0,0,0,0,0,0,0,0,0
2890,5,8,0,0,13,14,0,0,0,0,0,0,0,0,0,0,0
2900,0,5,0,0,1,16,0,0,0,0,0,8,0,0,0,0,0
2910,0,0,14,1,0,2,0,0,0,0,0,4,1,0,2,1,0
2920,0,0,12,0,0,0,0,0,0,0,0,6,0,0,8,4,1
2930,5,0,11,0,0,0,0,0,0,0,0,1,3,0,2,0,2
2940,18,0,15,0,0,0,0,0,0,0,0,0,3,0,1,1,1
2950,19,14,12,5,4,0,0,0,0,0,0,0,0,0,2,0,1
2960,6,22,4,18,5,0,0,0,0,0,0,0,0,0,0,0,0
2970,7,15,6,20,11,5,0,0,0,0,0,0,0,0,0,0,0
2980,6,6,0,15,16,8,0,0,0,0,0,0,0,0,0,0,0
2990,8,2,0,0,15,12,0,0,0,0,0,0,0,0,0,0,0
3000,0,5,0,0,3,13,0,0,0,0,0,6,0,0,0,0,0
3010,0,2,8,0,0,7,0,0,0,0,0,7,0,0,2,1,0
3020,0,0,10,0,0,0,0,0,0,0,0,4,0,1,5,3,0
3030,0,0,14,0,0,0,0,0,0,0,0,1,2,0,0,3,4
3040,20,0,16,0,0,0,0,0,0,0,0,0,3,0,1,0,2
3050,23,12,13,4,4,0,0,0,0,0,0,0,0,0,0,0,1
3060,7,22,6,16,7,4,0,0,0,0,0,0,0,0,0,0,0
3070,3,18,11,20,13,8,0,0,0,0,0,0,0,0,0,0,0
3080,7,4,0,18,13,9,0,0,0,0,0,0,0,0,0,0,0
3090,8,7,0,2,15,10,0,0,0,0,0,0,0,0,0,0,0
3100,2,6,0,0,6,14,0,0,0,0,0,5,0,0,0,0,0
3110,0,2,5,0,0,7,0,0,0,0,0,8,2,2,0,0,0
3120,0,0,19,0,0,0,0,0,0,0,0,5,1,1,8,0,0
3130,0,0,24,0,0,0,0,0,0,0,0,3,0,0,3,0,4
3140,17,0,13,0,0,0,0,0,0,0,0,0,0,0,0,0,3
3150,20,12,8,4,4,0,0,0,0,0,0,0,0,0,1,0,0
3160,9,21,2,16,5,1,0,0,0,0,0,0,0,0,0,0,0
3170,6,17,11,19,13,7,0,0,0,0,0,0,0,0,0,0,0
3180,6,7,4,19,16,7,0,0,0,0,0,0,0,0,0,0,0
3190,6,8,0,10,14,12,0,0,0,0,0,0,0,0,0,0,0
3200,1,2,0,0,13,17,0,0,0,0,0,4,0,0,0,0,0
3210,0,3,0,0,2,11,0,0,0,0,0,8,2,1,0,0,0
3220,0,0,20,0,0,5,0,0,0,0,0,3,4,1,3,2,0
3230,0,0,22,0,0,0,0,0,0,0,0,6,1,0,1,2,1
3240,15,0,16,0,0,0,0,0,0,0,0,0,0,1,0,0,0
3250,14,8,4,4,3,0,0,0,0,0,0,0,0,0,0,0,1
3260,7,21,2,13,1,0,0,0,0,0,0,0,0,0,0,0,0
3270,4,9,10,20,12,5,0,0,0,0,0,0,0,0,0,0,0
3280,6,5,10,18,17,5,0,0,0,0,0,0,0,0,0,0,0
3290,6,4,0,15,18,8,0,0,0,0,0,0,0,0,0,0,0
3300,1,7,0,2,14,15,0,0,0,0,0,4,0,0,0,0,0
3310,0,3,0,0,7,15,0,0,0,0,0,8,1,1,0,0,0
3320,0,0,14,0,0,11,0,0,0,0,0,4,2,0,5,3,0
3330,0,0,20,0,0,2,0,0,0,0,0,0,0,0,2,3,3
3340,14,0,17,0,0,0,0,0,0,0,0,0,0,0,0,0,0
3350,19,4,1,0,0,0,0,0,0,0,0,0,0,0,0,2,0
3360,4,19,0,15,5,0,0,0,0,0,0,0,0,0,0,0,0
3370,5,13,12,17,11,6,0,0,0,0,0,0,0,0,0,0,0
3380,6,3,13,17,13,5,0,0,0,0,0,0,0,0,0,0,0
3390,8,5,0,17,17,9,0,0,0,0,0,0,0,0,0,0,0
3400,4,8,0,5,19,12,0,0,0,0,0,2,0,0,0,0,0
3410,0,5,0,0,8,16,0,0,0,0,0,8,1,0,0,0,0
3420,0,0,9,0,1,11,0,0,0,0,0,2,4,0,5,3,0
3430,0,0,20,0,0,3,0,0,0,0,0,1,3,0,0,1,2
3440,10,0,13,0,0,0,0,0,0,0,0,1,0,2,2,1,3
3450,25,4,0,0,0,0,0,0,0,0,0,0,0,0,0,0,0
3460,14,14,2,16,6,0,0,0,0,0,0,0,0,0,0,0,1
3470,8,22,12,18,8,7,0,0,0,0,0,0,0,0,0,0,0
3480,7,11,18,16,13,9,0,0,0,0,0,0,0,0,0,0,0
3490,4,10,5,21,19,8,0,0,0,0,0,0,0,0,0,0,0
3500,2,6,0,4,16,10,0,0,0,0,0,2,0,0,0,0,0
3510,0,3,0,0,11,16,0,0,0,0,0,7,1,1,0,0,0
3520,0,0,4,0,0,12,0,0,0,0,0,4,2,0,4,2,0
3530,0,0,13,0,0,2,0,0,0,0,0,0,1,0,2,1,2
3540,10,0,25,0,0,0,0,0,0,0,0,0,1,0,0,0,3
3550,23,0,4,0,0,0,0,0,0,0,0,0,0,1,1,0,0
3560,10,19,0,12,4,0,0,0,0,0,0,0,0,0,0,0,0
3570,5,17,13,18,10,6,0,0,0,0,0,0,0,0,0,0,0
3580,4,8,18,21,11,4,0,0,0,0,0,0,0,0,0,0,0
3590,6,4,7,19,15,13,0,0,0,0,0,0,0,0,0,0,0
3600,2,8,0,5,16,13,0,0,0,0,0,2,0,0,0,0,0
3610,0,2,0,0,8,14,0,0,0,0,0,8,0,0,0,0,0
3620,0,0,0,0,2,10,0,0,0,0,0,3,3,1,4,2,0
3630,0,0,15,0,0,2,0,0,0,0,0,3,0,0,3,1,2
3640,7,0,10,0,0,0,0,0,0,0,0,0,0,0,1,0,2
3650,22,5,2,0,0,0,0,0,0,0,0,0,1,0,0,1,1
3660,12,15,1,12,5,0,0,0,0,0,0,0,0,0,0,0,1
3670,8,17,14,9,8,2,0,0,0,0,0,0,0,0,0,0,0
3680,11,13,19,15,10,6,0,0,0,0,0,0,0,0,0,0,0
3690,4,7,12,14,14,8,0,0,0,0,0,0,0,0,0,0,0
3700,7,7,0,11,14,10,0,0,0,0,0,2,0,0,0,0,0
3710,0,5,0,0,8,13,0,0,0,0,0,7,0,0,0,0,0
3720,0,0,0,0,1,6,0,0,0,0,0,2,3,0,3,1,0
3730,0,0,10,0,0,3,0,0,0,0,0,0,2,0,5,5,1
3740,5,0,18,0,0,0,0,0,0,0,0,0,1,0,0,1,1
3750,21,5,2,0,0,0,0,0,0,0,0,0,0,0,1,1,0
3760,14,13,1,9,4,0,0,0,0,0,0,0,0,0,0,1,0
3770,6,18,11,15,6,4,0,0,0,0,0,0,0,0,0,0,1
3780,8,7,17,13,13,4,0,0,0,0,0,0,0,0,0,0,0
3790,7,4,12,14,10,12,0,0,0,0,0,0,0,0,0,0,0
3800,6,7,2,9,15,8,0,0,0,0,0,0,0,0,0,0,0
3810,0,6,0,0,7,11,0,0,0,0,0,7,0,0,0,0,0
3820,0,0,0,1,1,8,0,0,0,0,0,1,3,0,2,1,0
3830,0,0,5,0,0,2,0,0,0,0,0,2,1,0,5,5,1
3840,5,0,15,0,0,0,0,0,0,0,0,3,0,0,1,3,4
3850,20,0,0,0,0,0,0,0,0,0,0,0,0,0,0,1,2
3860,18,15,2,8,5,0,0,0,0,0,0,0,0,0,1,0,0
3870,8,23,11,8,6,3,0,0,0,0,0,0,0,0,0,0,1
3880,10,13,18,12,10,5,0,0,0,0,0,0,0,0,0,0,0
3890,6,6,15,15,13,10,0,0,0,0,0,0,0,0,0,0,0
3900,6,6,7,10,12,7,0,0,0,0,0,0,0,0,0,0,0
3910,0,7,0,1,11,13,0,0,0,0,0,8,0,0,0,0,0
3920,0,0,0,0,2,11,0,0,0,0,0,4,3,0,2,1,0
3930,0,0,0,0,0,3,0,0,0,0,0,1,1,0,2,3,1
3940,5,0,16,0,0,0,0,0,0,0,0,0,1,0,0,1,4
3950,17,0,9,0,0,0,0,0,0,0,0,0,1,0,0,1,1
3960,20,12,5,5,1,0,0,0,0,0,0,0,0,0,0,1,0
3970,12,15,8,13,3,2,0,0,0,0,0,0,0,0,0,0,0
3980,4,16,14,9,13,2,0,0,0,0,0,0,0,0,0,0,0
3990,4,10,17,14,10,9,0,0,0,0,0,0,0,0,0,0,0
4000,4,5,13,12,11,9,0,0,0,0,0,0,0,0,0,0,0
4010,0,3,0,9,11,12,0,0,0,0,0,6,0,0,0,0,0
4020,0,0,0,0,5,10,0,0,0,0,0,6,3,2,2,1,0
4030,0,0,0,0,0,5,0,0,0,0,0,3,2,0,3,3,0
4040,0,0,10,0,0,0,0,0,0,0,0,1,2,0,1,0,3
4050,20,0,13,0,0,0,0,0,0,0,0,0,0,0,0,2,0
4060,23,11,0,4,3,0,0,0,0,0,0,0,0,0,1,0,0
4070,12,19,5,14,7,3,0,0,0,0,0,0,0,0,0,0,0
4080,9,15,16,9,11,3,0,0,0,0,0,0,0,0,0,0,0
4090,6,13,16,15,9,8,0,0,0,0,0,0,0,0,0,0,0
4100,5,7,14,13,13,5,0,0,0,0,0,0,0,0,0,0,0
4110,1,8,1,9,12,13,0,0,0,0,0,6,0,0,0,0,0
4120,0,1,0,2,7,10,0,0,0,0,0,7,2,1,0,0,0
4130,0,0,0,0,0,8,0,0,0,0,0,3,4,0,5,4,0
4140,0,0,5,0,0,0,0,0,0,0,0,1,0,0,1,4,2
4150,19,0,16,0,0,0,0,0,0,0,0,0,0,0,1,2,0
4160,21,9,5,4,4,0,0,0,0,0,0,0,0,0,0,0,1
4170,6,18,4,13,8,3,0,0,0,0,0,0,0,0,0,0,0
4180,2,15,17,9,10,6,0,0,0,0,0,0,0,0,0,0,0
4190,6,10,16,17,11,6,0,0,0,0,0,0,0,0,0,0,0
4200,5,6,12,11,14,9,0,0,0,0,0,0,0,0,0,0,0
4210,1,4,3,9,12,10,0,0,0,0,0,4,0,0,0,0,0
4220,0,1,0,3,9,10,0,0,0,0,0,9,2,0,0,0,0
4230,0,0,0,0,0,12,0,0,0,0,0,3,3,0,8,4,0
4240,0,0,0,0,0,0,0,0,0,0,0,0,0,0,3,3,3
4250,15,0,18,0,0,0,0,0,0,0,0,0,0,0,0,1,3
4260,24,7,2,4,4,0,0,0,0,0,0,0,0,0,1,0,0
4270,12,19,1,13,7,0,0,0,0,0,0,0,0,0,0,0,1
4280,5,18,17,3,14,8,0,0,0,0,0,0,0,0,0,0,0
4290,4,12,16,14,6,10,0,0,0,0,0,0,0,0,0,0,0
4300,10,5,15,13,11,7,0,0,0,0,0,0,0,0,0,0,0
4310,4,7,7,11,9,7,0,0,0,0,0,4,0,0,0,0,0
4320,0,6,0,4,12,9,0,0,0,0,0,8,1,0,0,0,0
4330,0,0,0,0,1,8,0,0,0,0,0,3,3,0,6,3,0
4340,0,0,0,0,0,0,0,0,0,0,0,4,1,0,1,3,2
4350,15,0,13,0,0,0,0,0,0,0,0,0,1,0,0,0,5
4360,20,5,17,0,0,0,0,0,0,0,0,0,0,0,5,0,3
4370,10,20,4,16,8,0,0,0,0,0,0,0,0,0,0,0,0
4380,6,16,14,10,11,11,0,0,0,0,0,0,0,0,0,0,0
4390,9,10,18,14,12,10,0,0,0,0,0,0,0,0,0,0,0
4400,12,7,13,13,11,11,0,0,0,0,0,0,0,0,0,0,0
4410,3,9,7,11,8,10,0,0,0,0,0,4,0,0,0,0,0
4420,0,8,0,3,5,10,0,0,0,0,0,8,1,1,0,0,0
4430,0,0,0,0,0,4,0,0,0,0,0,1,4,0,6,3,0
4440,0,0,0,0,0,0,0,0,0,0,0,4,1,0,8,2,2
4450,12,0,9,0,0,0,0,0,0,0,0,0,0,0,1,2,3
4460,22,5,18,0,0,0,0,0,0,0,0,0,1,0,0,3,0
4470,21,16,4,15,13,0,0,0,0,0,0,0,0,0,0,0,0
4480,13,23,18,8,10,10,0,0,0,0,0,0,0,0,0,0,1
4490,9,19,16,15,14,11,0,0,0,0,0,0,0,0,0,0,0
4500,8,12,20,15,12,12,0,0,0,0,0,0,0,0,0,0,0
4510,3,7,16,16,14,11,0,0,0,0,0,2,0,0,0,0,0
4520,0,2,2,10,12,11,0,0,0,0,0,8,1,0,0,0,0
4530,0,0,0,0,3,6,0,0,0,0,0,5,3,0,3,2,0
4540,0,0,0,0,0,3,0,0,0,0,0,3,0,0,0,5,2
4550,10,0,5,0,0,0,0,0,0,0,0,1,2,0,0,1,0
4560,19,5,9,0,0,0,0,0,0,0,0,0,1,0,0,1,0
4570,14,16,4,12,11,0,0,0,0,0,0,0,0,0,0,0,1
4580,8,15,17,3,8,9,0,0,0,0,0,0,0,0,0,0,0
4590,6,18,18,12,6,12,0,0,0,0,0,0,0,0,0,0,0
4600,8,10,11,12,10,9,0,0,0,0,0,0,0,0,0,0,0
4610,4,6,14,10,12,8,0,0,0,0,0,2,0,0,0,0,0
4620,0,4,6,10,8,13,0,0,0,0,0,8,0,0,0,0,0
4630,0,0,0,4,3,5,0,0,0,0,0,5,4,1,4,2,0
4640,0,0,0,0,0,2,0,0,0,0,0,1,4,0,3,4,1
4650,9,0,0,0,0,0,0,0,0,0,0,0,0,0,1,1,4
4660,15,5,14,0,0,0,0,0,0,0,0,0,1,0,2,0,0
4670,6,13,7,12,9,0,0,0,0,0,0,0,0,0,0,0,1
4680,5,13,16,5,10,6,0,0,0,0,0,0,0,0,0,0,0
4690,6,4,14,11,5,13,0,0,0,0,0,0,0,0,0,0,0
4700,9,5,9,12,12,8,0,0,0,0,0,0,0,0,0,0,0
4710,7,8,3,8,10,9,0,0,0,0,0,2,0,0,0,0,0
4720,0,8,6,2,9,10,0,0,0,0,0,8,0,0,0,0,0
4730,0,0,0,2,2,7,0,0,0,0,0,2,3,3,3,2,0
4740,0,0,0,0,0,4,0,0,0,0,0,2,2,2,3,4,1
4750,5,0,0,0,0,0,0,0,0,0,0,1,1,0,0,0,2
4760,23,1,10,0,0,0,0,0,0,0,0,0,1,0,0,1,1
4770,12,16,15,8,6,0,0,0,0,0,0,0,0,0,0,1,0
4780,4,18,14,14,8,1,0,0,0,0,0,0,0,0,0,0,0
4790,9,9,19,13,10,7,0,0,0,0,0,0,0,0,0,0,0
4800,6,7,10,14,12,12,0,0,0,0,0,0,0,0,0,0,0
4810,12,8,10,11,13,7,0,0,0,0,0,0,0,0,0,0,0
4820,0,9,7,6,10,14,0,0,0,0,0,8,0,0,0,0,0
4830,0,3,1,3,5,8,0,0,0,0,0,7,3,1,2,1,0
4840,0,0,0,0,0,4,0,0,0,0,0,4,1,0,5,4,1
4850,5,0,0,0,0,0,0,0,0,0,0,1,0,1,1,2,2
4860,20,0,5,0,0,0,0,0,0,0,0,0,0,0,2,0,1
4870,19,15,12,5,4,0,0,0,0,0,0,0,0,0,0,0,1
4880,9,20,9,11,7,6,0,0,0,0,0,0,0,0,0,0,0
4890,8,13,17,11,12,8,0,0,0,0,0,0,0,0,0,0,0
4900,9,9,17,17,13,7,0,0,0,0,0,0,0,0,0,0,0
4910,3,6,11,14,9,8,0,0,0,0,0,0,0,0,0,0,0
4920,0,3,5,7,13,6,0,0,0,0,0,7,0,0,0,0,0
4930,0,1,3,3,7,13,0,0,0,0,0,9,0,0,2,1,0
4940,0,0,0,0,0,7,0,0,0,0,0,5,1,0,3,4,1
4950,5,0,0,0,0,0,0,0,0,0,0,1,0,0,1,4,0
4960,18,0,0,0,0,0,0,0,0,0,0,0,1,0,1,1,0
4970,17,11,8,3,5,0,0,0,0,0,0,0,0,0,1,1,0
4980,11,18,9,8,7,4,0,0,0,0,0,0,0,0,0,0,0
4990,12,16,16,9,8,9,0,0,0,0,0,0,0,0,0,0,0
5000,10,7,16,12,11,6,0,0,0,0,0,0,0,0,0,0,0
5010,8,13,8,14,7,5,0,0,0,0,0,0,0,0,0,0,0
5020,1,6,13,7,14,7,0,0,0,0,0,6,0,0,0,0,0
5030,0,1,6,9,4,9,0,0,0,0,0,6,2,0,1,1,0
5040,0,0,0,0,0,5,0,0,0,0,0,4,4,0,7,3,0
5050,0,0,0,0,0,0,0,0,0,0,0,3,2,0,0,2,4
5060,20,0,0,0,0,0,0,0,0,0,0,0,0,1,1,0,0
5070,25,12,8,4,4,0,0,0,0,0,0,0,0,0,0,0,0
5080,12,20,9,7,10,3,0,0,0,0,0,0,0,0,0,0,0
5090,11,19,19,6,7,8,0,0,0,0,0,0,0,0,0,0,0
5100,7,14,21,16,3,10,0,0,0,0,0,0,0,0,0,0,0
5110,7,12,12,14,14,2,0,0,0,0,0,0,0,0,0,0,0
5120,2,10,13,13,13,5,0,0,0,0,0,6,0,0,0,0,0
5130,0,2,12,9,9,14,0,0,0,0,0,9,2,1,0,0,0
5140,0,0,1,0,0,11,0,0,0,0,0,6,4,0,8,4,0
5150,0,0,0,0,0,0,0,0,0,0,0,5,1,0,4,0,4
5160,19,0,0,0,0,0,0,0,0,0,0,0,0,1,1,2,3
5170,13,12,5,4,4,0,0,0,0,0,0,0,0,0,0,0,0
5180,6,15,7,13,11,3,0,0,0,0,0,0,0,0,0,0,2
5190,11,12,21,10,12,4,0,0,0,0,0,0,0,0,0,0,0
5200,7,7,12,14,12,12,0,0,0,0,0,0,0,0,0,0,0
5210,8,8,6,10,15,7,0,0,0,0,0,0,0,0,0,0,0
5220,0,7,11,3,10,13,0,0,0,0,0,4,0,0,0,0,0
5230,0,1,8,5,3,9,0,0,0,0,0,10,2,1,0,0,0
5240,0,0,0,0,0,5,0,0,0,0,0,4,4,0,6,4,0
5250,0,0,0,0,0,0,0,0,0,0,0,3,2,0,3,4,1
5260,15,0,0,0,0,0,0,0,0,0,0,0,0,0,0,2,0
5270,22,7,0,4,4,0,0,0,0,0,0,0,0,0,0,0,0
5280,11,16,13,6,7,0,0,0,0,0,0,0,0,0,0,0,0
5290,6,18,16,10,7,5,0,0,0,0,0,0,0,0,0,0,0
5300,3,12,18,14,9,10,0,0,0,0,0,0,0,0,0,0,0
5310,6,4,14,14,11,5,0,0,0,0,0,0,0,0,0,0,0
5320,4,5,6,11,7,8,0,0,0,0,0,4,0,0,0,0,0
5330,0,5,3,5,12,8,0,0,0,0,0,8,1,0,0,0,0
5340,0,0,5,0,0,8,0,0,0,0,0,3,2,0,6,3,0
5350,0,0,0,0,0,2,0,0,0,0,0,0,0,0,3,3,2
5360,15,0,0,0,0,0,0,0,0,0,0,0,0,0,1,1,0
5370,21,6,0,0,0,0,0,0,0,0,0,0,0,0,2,0,0
5380,14,20,7,7,12,0,0,0,0,0,0,0,0,0,0,0,0
5390,8,16,16,9,9,8,0,0,0,0,0,0,0,0,0,0,0
5400,13,12,19,13,11,10,0,0,0,0,0,0,0,0,0,0,0
5410,5,10,12,11,13,5,0,0,0,0,0,0,0,0,0,0,0
5420,3,8,10,10,9,10,0,0,0,0,0,3,0,0,0,0,0
5430,0,4,10,8,7,11,0,0,0,0,0,8,1,1,0,0,0
5440,0,0,4,2,1,7,0,0,0,0,0,1,4,3,3,3,0
5450,0,0,0,0,0,2,0,0,0,0,0,4,0,0,0,3,1
5460,10,0,0,0,0,0,0,0,0,0,0,0,0,0,0,1,1
5470,24,5,0,0,0,0,0,0,0,0,0,0,0,0,0,0,1
5480,15,18,4,7,11,0,0,0,0,0,0,0,0,0,0,0,0
5490,9,21,16,6,7,5,0,0,0,0,0,0,0,0,0,0,0
5500,4,15,20,12,5,7,0,0,0,0,0,0,0,0,0,0,0
5510,8,6,21,16,7,5,0,0,0,0,0,0,0,0,0,0,0
5520,4,6,9,15,16,6,0,0,0,0,0,2,0,0,0,0,0
5530,0,3,6,8,12,6,0,0,0,0,0,8,1,1,0,0,0
5540,0,0,4,2,4,14,0,0,0,0,0,0,3,2,4,2,0
5550,0,0,0,0,0,3,0,0,0,0,0,3,5,0,7,3,1
5560,10,0,0,0,0,0,0,0,0,0,0,0,1,0,2,0,0
5570,21,5,0,0,0,0,0,0,0,0,0,0,0,0,1,1,0
5580,13,19,5,4,10,0,0,0,0,0,0,0,0,0,0,0,1
5590,8,22,18,4,11,7,0,0,0,0,0,0,0,0,0,0,0
5600,10,9,26,17,4,13,0,0,0,0,0,0,0,0,0,0,0
5610,2,9,19,21,12,7,0,0,0,0,0,0,0,0,0,0,0
5620,6,3,10,13,17,8,0,0,0,0,0,2,0,0,0,0,0
5630,0,6,6,8,13,10,0,0,0,0,0,7,0,0,0,0,0
5640,0,0,4,1,5,15,0,0,0,0,0,4,4,0,4,2,0
5650,0,0,2,0,0,7,0,0,0,0,0,3,1,0,2,5,1
5660,8,0,0,0,0,0,0,0,0,0,0,0,0,0,1,1,3
5670,21,5,0,0,0,0,0,0,0,0,0,0,0,0,0,0,0
5680,16,17,0,8,8,0,0,0,0,0,0,0,0,0,0,0,1
5690,9,18,16,0,5,8,0,0,0,0,0,0,0,0,0,0,0
5700,7,15,19,17,2,7,0,0,0,0,0,0,0,0,0,0,0
5710,5,9,18,16,15,4,0,0,0,0,0,0,0,0,0,0,0
5720,3,8,10,13,14,9,0,0,0,0,0,2,0,0,0,0,0
5730,0,3,8,4,11,10,0,0,0,0,0,7,0,0,0,0,0
5740,0,0,4,4,3,13,0,0,0,0,0,2,4,3,4,2,0
5750,0,0,3,0,0,2,0,0,0,0,0,1,1,0,5,2,1
5760,5,0,0,0,0,0,0,0,0,0,0,0,0,0,1,0,3
5770,22,3,0,0,0,0,0,0,0,0,0,0,0,0,0,2,1
5780,20,14,0,7,8,0,0,0,0,0,0,0,0,0,0,1,1
5790,6,20,10,0,12,3,0,0,0,0,0,0,0,0,0,0,2
5800,6,11,20,13,3,13,0,0,0,0,0,0,0,0,0,0,0
5810,6,6,19,15,10,7,0,0,0,0,0,0,0,0,0,0,0
5820,2,7,8,9,14,8,0,0,0,0,0,0,0,0,0,0,0
5830,0,4,7,6,10,9,0,0,0,0,0,9,0,0,0,0,0
5840,0,2,6,4,2,13,0,0,0,0,0,4,3,1,2,1,0
5850,0,0,6,0,0,2,0,0,0,0,0,0,0,0,5,4,1
5860,5,0,1,0,0,0,0,0,0,0,0,0,1,0,2,2,1
5870,19,0,0,0,0,0,0,0,0,0,0,0,1,0,0,0,0
5880,15,11,0,7,8,0,0,0,0,0,0,0,0,0,0,1,1
5890,9,17,4,3,7,1,0,0,0,0,0,0,0,0,0,0,0
5900,6,11,16,5,6,10,0,0,0,0,0,0,0,0,0,0,0
5910,6,7,14,15,4,6,0,0,0,0,0,0,0,0,0,0,0
5920,8,5,11,10,13,3,0,0,0,0,0,0,0,0,0,0,0
5930,0,7,7,10,8,8,0,0,0,0,0,8,0,0,0,0,0
5940,0,2,8,3,7,9,0,0,0,0,0,5,3,2,2,1,0
5950,0,0,5,0,0,5,0,0,0,0,0,3,1,0,6,4,0
5960,5,0,3,0,0,0,0,0,0,0,0,1,0,0,1,2,0
5970,18,0,0,0,0,0,0,0,0,0,0,0,1,0,0,1,0
5980,20,13,0,7,6,0,0,0,0,0,0,0,0,0,0,1,0
5990,6,19,0,4,10,4,0,0,0,0,0,0,0,0,0,0,0
6000,6,9,19,1,6,8,0,0,0,0,0,0,0,0,0,0,0
6010,6,10,19,16,3,9,0,0,0,0,0,0,0,0,0,0,0
6020,7,8,10,18,11,0,0,0,0,0,0,0,0,0,0,0,0
6030,0,5,10,7,14,5,0,0,0,0,0,6,0,0,0,0,0
6040,0,0,6,6,3,14,0,0,0,0,0,7,2,1,2,1,0
6050,0,0,7,0,0,8,0,0,0,0,0,1,2,0,1,3,0
6060,0,0,3,0,0,0,0,0,0,0,0,2,0,0,1,2,2
6070,20,0,0,0,0,0,0,0,0,0,0,0,0,0,0,1,0
6080,19,10,0,4,4,0,0,0,0,0,0,0,0,0,0,0,0
6090,10,21,0,7,8,3,0,0,0,0,0,0,0,0,0,0,0
6100,6,13,11,2,5,10,0,0,0,0,0,0,0,0,0,0,0
6110,6,11,20,12,3,6,0,0,0,0,0,0,0,0,0,0,0
6120,7,7,15,15,9,1,0,0,0,0,0,0,0,0,0,0,0
6130,2,7,14,9,11,6,0,0,0,0,0,6,0,0,0,0,0
6140,0,2,9,11,8,8,0,0,0,0,0,7,2,0,0,0,0
6150,0,0,8,0,0,6,0,0,0,0,0,0,4,0,4,4,0
6160,0,0,8,0,0,0,0,0,0,0,0,1,2,0,2,1,3
6170,19,0,0,0,0,0,0,0,0,0,0,0,0,0,3,0,3
6180,8,12,0,4,4,0,0,0,0,0,0,0,0,0,0,0,0
6190,7,20,0,15,12,4,0,0,0,0,0,0,0,0,0,0,0
6200,7,9,4,1,14,8,0,0,0,0,0,0,0,0,0,0,0
6210,4,7,18,6,3,12,0,0,0,0,0,0,0,0,0,0,0
6220,7,7,11,13,4,8,0,0,0,0,0,0,0,0,0,0,0
6230,1,2,12,5,12,1,0,0,0,0,0,4,0,0,0,0,0
6240,0,2,17,13,4,11,0,0,0,0,0,8,1,1,0,0,0
6250,0,0,11,0,0,6,0,0,0,0,0,1,5,0,7,3,0
6260,0,0,7,0,0,0,0,0,0,0,0,1,3,0,3,4,3
6270,15,0,3,0,0,0,0,0,0,0,0,0,0,1,2,2,3
6280,20,8,0,4,4,0,0,0,0,0,0,0,0,0,0,2,1
6290,10,21,0,14,8,0,0,0,0,0,0,0,0,0,0,0,1
6300,3,17,0,2,15,7,0,0,0,0,0,0,0,0,0,0,0
6310,9,8,17,1,6,11,0,0,0,0,0,0,0,0,0,0,0
6320,7,5,14,14,1,12,0,0,0,0,0,0,0,0,0,0,0
6330,1,8,13,14,9,2,0,0,0,0,0,4,0,0,0,0,0
6340,0,4,12,9,12,6,0,0,0,0,0,8,1,0,0,0,0
6350,0,0,5,2,0,6,0,0,0,0,0,7,0,0,5,3,0
6360,0,0,10,0,0,1,0,0,0,0,0,0,1,0,0,5,2
6370,15,0,8,0,0,0,0,0,0,0,0,0,1,0,2,1,2
6380,21,6,0,0,0,0,0,0,0,0,0,0,0,0,0,0,1
6390,15,17,0,16,14,0,0,0,0,0,0,0,0,0,0,0,0
6400,10,19,0,8,17,8,0,0,0,0,0,0,0,0,0,0,0
6410,6,11,12,0,10,17,0,0,0,0,0,0,0,0,0,0,0
6420,6,8,10,11,1,12,0,0,0,0,0,0,0,0,0,0,0
6430,3,4,17,10,9,4,0,0,0,0,0,3,0,0,0,0,0
6440,0,3,13,10,9,4,0,0,0,0,0,9,1,1,0,0,0
6450,0,0,9,1,1,8,0,0,0,0,0,3,4,2,4,2,0
6460,0,0,7,0,0,2,0,0,0,0,0,1,0,0,2,3,2
6470,10,0,7,0,0,0,0,0,0,0,0,0,0,0,0,0,1
6480,22,4,0,0,0,0,0,0,0,0,0,0,0,0,0,2,0
6490,8,19,0,14,10,0,0,0,0,0,0,0,0,0,0,0,0
6500,6,15,0,13,11,7,0,0,0,0,0,0,0,0,0,0,0
6510,8,6,6,0,13,8,0,0,0,0,0,0,0,0,0,0,0
6520,9,8,17,4,3,14,0,0,0,0,0,0,0,0,0,0,0
6530,3,11,9,12,4,7,0,0,0,0,0,2,0,0,0,0,0
6540,0,2,18,9,10,2,0,0,0,0,0,9,1,1,0,0,0
6550,0,0,7,5,3,5,0,0,0,0,0,6,3,0,5,2,0
6560,0,0,9,0,0,2,0,0,0,0,0,1,5,0,7,2,2
6570,10,0,4,0,0,0,0,0,0,0,0,0,4,0,1,0,5
6580,20,4,2,0,0,0,0,0,0,0,0,0,1,0,0,1,0
6590,6,16,0,13,10,0,0,0,0,0,0,0,0,0,0,0,0
6600,10,18,0,4,10,8,0,0,0,0,0,0,0,0,0,0,0
6610,7,7,5,0,10,10,0,0,0,0,0,0,0,0,0,0,0
6620,6,9,12,3,0,13,0,0,0,0,0,0,0,0,0,0,0
6630,6,5,9,12,3,3,0,0,0,0,0,2,0,0,0,0,0
6640,0,9,12,6,11,1,0,0,0,0,0,8,0,0,0,0,0
6650,0,0,14,3,2,8,0,0,0,0,0,7,4,1,4,2,0
6660,0,0,7,0,0,3,0,0,0,0,0,2,3,1,4,1,2
6670,9,0,2,0,0,0,0,0,0,0,0,1,1,0,1,2,1
6680,20,4,1,0,0,0,0,0,0,0,0,0,0,0,2,1,1
6690,19,14,0,12,10,0,0,0,0,0,0,0,0,0,0,0,0
6700,3,17,0,6,10,7,0,0,0,0,0,0,0,0,0,0,0
6710,6,14,0,2,9,12,0,0,0,0,0,0,0,0,0,0,0
6720,4,8,12,0,6,8,0,0,0,0,0,0,0,0,0,0,0
6730,3,5,22,16,2,2,0,0,0,0,0,2,0,0,0,0,0
6740,0,3,20,19,11,1,0,0,0,0,0,7,0,0,0,0,0
6750,0,0,8,7,7,5,0,0,0,0,0,9,3,1,4,1,0
6760,0,0,3,0,0,2,0,0,0,0,0,3,1,0,3,5,1
6770,5,0,2,0,0,0,0,0,0,0,0,0,2,0,0,0,4
6780,22,3,1,0,0,0,0,0,0,0,0,0,2,0,2,0,4
6790,5,12,0,8,7,0,0,0,0,0,0,0,0,0,0,0,1
6800,5,16,0,8,12,8,0,0,0,0,0,0,0,0,0,0,0
6810,3,4,0,0,15,16,0,0,0,0,0,0,0,0,0,0,0
6820,6,3,9,0,3,10,0,0,0,0,0,0,0,0,0,0,0
6830,6,7,24,9,0,5,0,0,0,0,0,0,0,0,0,0,0
6840,0,9,16,18,8,1,0,0,0,0,0,8,0,0,0,0,0
6850,0,0,5,9,8,3,0,0,0,0,0,6,3,3,2,1,0
6860,0,0,5,0,0,4,0,0,0,0,0,4,3,0,2,3,1
6870,5,0,4,0,0,0,0,0,0,0,0,2,0,0,0,0,4
6880,20,0,0,0,0,0,0,0,0,0,0,0,0,0,0,0,2
6890,6,18,0,8,7,0,0,0,0,0,0,0,0,0,1,0,0
6900,7,15,0,8,14,6,0,0,0,0,0,0,0,0,0,0,0
6910,3,6,0,1,14,10,0,0,0,0,0,0,0,0,0,0,0
6920,4,5,5,1,3,11,0,0,0,0,0,0,0,0,0,0,0
6930,9,4,20,3,1,4,0,0,0,0,0,0,0,0,0,0,0
6940,0,7,21,20,4,0,0,0,0,0,0,8,0,0,0,0,0
6950,0,2,10,12,10,4,0,0,0,0,0,7,3,1,2,1,0
6960,0,0,5,0,0,6,0,0,0,0,0,2,0,0,3,4,1
6970,5,0,3,0,0,0,0,0,0,0,0,1,1,0,1,1,3
6980,18,0,1,0,0,0,0,0,0,0,0,0,0,0,1,0,0
6990,21,16,0,7,7,0,0,0,0,0,0,0,0,0,1,0,0
7000,10,21,0,9,13,4,0,0,0,0,0,0,0,0,0,0,0
7010,6,15,0,0,18,14,0,0,0,0,0,0,0,0,0,0,0
7020,7,13,0,0,2,14,0,0,0,0,0,0,0,0,0,0,0
7030,3,8,20,0,1,14,0,0,0,0,0,0,0,0,0,0,0
7040,0,3,21,18,1,0,0,0,0,0,0,6,0,0,0,0,0
7050,0,1,24,12,9,0,0,0,0,0,0,7,1,2,2,1,0
7060,0,0,13,0,0,4,0,0,0,0,0,2,1,0,6,3,0
7070,0,0,1,0,0,0,0,0,0,0,0,2,0,0,1,1,4
7080,20,0,2,0,0,0,0,0,0,0,0,0,0,0,0,0,2
7090,13,10,1,4,4,0,0,0,0,0,0,0,0,0,0,0,0
7100,6,17,0,15,11,4,0,0,0,0,0,0,0,0,0,0,0
7110,7,11,0,17,17,7,0,0,0,0,0,0,0,0,0,0,0
7120,9,6,0,2,16,15,0,0,0,0,0,0,0,0,0,0,0
7130,4,8,10,0,4,11,0,0,0,0,0,0,0,0,0,0,0
7140,2,5,19,12,1,9,0,0,0,0,0,6,0,0,0,0,0
7150,0,3,19,15,8,1,0,0,0,0,0,7,2,0,0,0,0
7160,0,0,11,0,0,4,0,0,0,0,0,2,0,0,5,2,0
7170,0,0,2,0,0,0,0,0,0,0,0,0,1,0,1,0,1
7180,19,0,2,0,0,0,0,0,0,0,0,0,1,0,0,0,0
7190,8,10,1,4,4,0,0,0,0,0,0,0,0,0,0,0,0
7200,6,21,0,15,15,2,0,0,0,0,0,0,0,0,0,0,1
7210,11,6,0,10,17,7,0,0,0,0,0,0,0,0,0,0,0
7220,7,9,0,0,13,16,0,0,0,0,0,0,0,0,0,0,0
7230,8,10,5,0,4,17,0,0,0,0,0,0,0,0,0,0,0
7240,4,8,24,7,0,4,0,0,0,0,0,4,0,0,0,0,0
7250,0,6,24,17,6,1,0,0,0,0,0,8,2,1,0,0,0
7260,0,0,18,0,0,4,0,0,0,0,0,3,4,1,5,4,0
7270,0,0,10,0,0,0,0,0,0,0,0,1,1,0,1,2,1
7280,15,0,4,0,0,0,0,0,0,0,0,0,0,0,2,1,2
7290,20,9,0,4,4,0,0,0,0,0,0,0,0,0,0,0,0
7300,2,21,0,14,14,0,0,0,0,0,0,0,0,0,0,0,0
7310,9,11,0,20,13,13,0,0,0,0,0,0,0,0,0,0,0
7320,10,6,0,4,20,14,0,0,0,0,0,0,0,0,0,0,0
7330,9,11,0,0,9,16,0,0,0,0,0,0,0,0,0,0,0
7340,4,11,20,2,2,9,0,0,0,0,0,4,0,0,0,0,0
7350,0,6,25,17,3,4,0,0,0,0,0,6,1,0,0,0,0
7360,0,0,23,1,0,1,0,0,0,0,0,0,4,0,6,3,0
7370,0,0,10,0,0,1,0,0,0,0,0,3,2,0,6,3,2
7380,14,0,3,0,0,0,0,0,0,0,0,0,0,0,0,2,0
7390,22,4,0,0,0,0,0,0,0,0,0,0,0,0,0,0,0
7400,13,18,0,15,13,0,0,0,0,0,0,0,0,0,0,0,1
7410,7,19,0,17,13,6,0,0,0,0,0,0,0,0,0,0,0
7420,6,8,0,8,18,10,0,0,0,0,0,0,0,0,0,0,0
7430,7,2,0,0,11,15,0,0,0,0,0,0,0,0,0,0,0
7440,5,8,14,0,3,14,0,0,0,0,0,3,0,0,0,0,0
7450,0,6,20,13,0,3,0,0,0,0,0,7,1,1,0,0,0
7460,0,0,22,2,0,0,0,0,0,0,0,2,0,1,6,3,0
7470,0,0,12,0,0,0,0,0,0,0,0,3,0,0,5,1,2
7480,10,0,0,0,0,0,0,0,0,0,0,0,0,0,0,0,5
7490,24,7,0,0,0,0,0,0,0,0,0,0,2,0,3,0,2
7500,21,19,2,13,13,0,0,0,0,0,0,0,0,0,0,0,1
7510,14,21,0,20,12,5,0,0,0,0,0,0,0,0,0,0,0
7520,10,13,0,9,16,12,0,0,0,0,0,0,0,0,0,0,0
7530,6,9,0,0,15,13,0,0,0,0,0,0,0,0,0,0,0
7540,5,8,8,0,1,15,0,0,0,0,0,2,0,0,0,0,0
7550,0,4,20,7,1,8,0,0,0,0,0,9,1,1,0,0,0
7560,0,0,22,5,0,1,0,0,0,0,0,5,2,1,4,2,0
7570,0,0,21,0,0,0,0,0,0,0,0,0,0,0,3,5,2
7580,10,0,12,0,0,0,0,0,0,0,0,0,0,1,2,0,3
7590,23,3,4,0,0,0,0,0,0,0,0,0,1,0,1,0,0
7600,16,20,1,12,12,0,0,0,0,0,0,0,0,0,0,0,2
7610,6,22,1,17,10,3,0,0,0,0,0,0,0,0,0,0,0
7620,8,6,0,19,18,11,0,0,0,0,0,0,0,0,0,0,0
7630,7,11,0,6,18,13,0,0,0,0,0,0,0,0,0,0,0
7640,7,6,5,1,8,16,0,0,0,0,0,2,0,0,0,0,0
7650,0,5,18,3,1,13,0,0,0,0,0,8,0,0,0,0,0
7660,0,0,21,4,0,2,0,0,0,0,0,5,4,0,4,2,0
7670,0,0,26,0,0,0,0,0,0,0,0,2,2,0,2,4,1
7680,9,0,11,0,0,0,0,0,0,0,0,0,1,0,1,2,4
7690,21,5,3,0,0,0,0,0,0,0,0,0,0,0,0,0,0
7700,19,14,1,12,10,0,0,0,0,0,0,0,0,0,0,0,0
7710,4,20,1,16,9,3,0,0,0,0,0,0,0,0,0,0,0
7720,5,11,0,20,15,10,0,0,0,0,0,0,0,0,0,0,0
7730,6,6,0,8,15,12,0,0,0,0,0,0,0,0,0,0,0
7740,3,5,0,0,12,11,0,0,0,0,0,2,0,0,0,0,0
7750,0,3,15,0,1,14,0,0,0,0,0,7,0,0,0,0,0
7760,0,0,24,5,0,3,0,0,0,0,0,5,1,1,4,1,0
7770,0,0,25,0,0,0,0,0,0,0,0,4,0,0,7,2,1
7780,5,0,8,0,0,0,0,0,0,0,0,1,0,0,1,1,2
7790,21,5,0,0,0,0,0,0,0,0,0,0,0,0,2,0,0
7800,19,14,0,8,6,0,0,0,0,0,0,0,0,0,0,0,2
7810,7,17,1,17,6,0,0,0,0,0,0,0,0,0,0,0,0
7820,6,13,0,20,15,10,0,0,0,0,0,0,0,0,0,0,0
7830,11,8,0,9,15,9,0,0,0,0,0,0,0,0,0,0,0
7840,8,9,0,0,12,12,0,0,0,0,0,0,0,0,0,0,0
7850,0,8,10,1,1,11,0,0,0,0,0,8,0,0,0,0,0
7860,0,1,20,4,1,6,0,0,0,0,0,5,2,0,2,1,0
7870,0,0,24,0,0,1,0,0,0,0,0,0,0,0,4,4,1
7880,5,0,12,0,0,0,0,0,0,0,0,0,0,1,0,0,3
7890,19,0,3,0,0,0,0,0,0,0,0,0,0,0,0,0,2
7900,22,10,0,8,5,0,0,0,0,0,0,0,0,0,0,0,0
7910,14,18,1,16,6,0,0,0,0,0,0,0,0,0,0,0,0
7920,7,18,0,21,15,6,0,0,0,0,0,0,0,0,0,0,0
7930,4,14,0,12,18,11,0,0,0,0,0,0,0,0,0,0,0
7940,4,4,0,0,16,14,0,0,0,0,0,0,0,0,0,0,0
7950,0,3,5,1,0,15,0,0,0,0,0,7,0,0,0,0,0
7960,0,1,16,1,0,8,0,0,0,0,0,8,1,0,2,0,0
7970,0,0,17,0,0,0,0,0,0,0,0,2,0,0,8,0,1
7980,5,0,17,0,0,0,0,0,0,0,0,1,1,0,2,0,1
7990,17,0,7,0,0,0,0,0,0,0,0,0,0,0,1,0,1
8000,20,14,1,7,6,0,0,0,0,0,0,0,0,0,2,0,0
8010,7,22,3,15,8,2,0,0,0,0,0,0,0,0,0,0,0
8020,4,17,3,15,9,9,0,0,0,0,0,0,0,0,0,0,0
8030,4,2,0,18,16,5,0,0,0,0,0,0,0,0,0,0,0
8040,8,3,0,2,16,9,0,0,0,0,0,0,0,0,0,0,0
8050,0,9,0,0,4,9,0,0,0,0,0,6,0,0,0,0,0
8060,0,2,17,1,0,12,0,0,0,0,0,5,2,0,2,1,0
8070,0,0,17,0,0,0,0,0,0,0,0,4,2,0,6,4,0
8080,0,0,19,0,0,0,0,0,0,0,0,3,1,0,0,2,4
8090,19,0,5,0,0,0,0,0,0,0,0,0,1,0,0,2,3
8100,19,12,3,4,4,0,0,0,0,0,0,0,0,0,0,0,1
8110,8,14,1,17,3,1,0,0,0,0,0,0,0,0,0,0,1
8120,10,15,4,19,13,3,0,0,0,0,0,0,0,0,0,0,0
8130,11,8,0,18,16,9,0,0,0,0,0,0,0,0,0,0,0
8140,2,10,0,1,17,7,0,0,0,0,0,0,0,0,0,0,0
8150,3,7,0,0,5,15,0,0,0,0,0,6,0,0,0,0,0
8160,0,3,11,0,0,11,0,0,0,0,0,8,2,1,0,0,0
8170,0,0,24,0,0,0,0,0,0,0,0,10,3,0,8,4,0
8180,0,0,21,0,0,0,0,0,0,0,0,7,1,0,7,3,3
8190,19,0,16,0,0,0,0,0,0,0,0,0,1,0,3,0,2
8200,21,13,3,4,4,0,0,0,0,0,0,0,0,0,2,0,0
8210,9,19,1,14,8,0,0,0,0,0,0,0,0,0,0,0,0
8220,10,19,10,19,14,7,0,0,0,0,0,0,0,0,0,0,0
8230,6,9,1,20,17,10,0,0,0,0,0,0,0,0,0,0,0
8240,8,5,0,4,14,12,0,0,0,0,0,0,0,0,0,0,0
8250,0,6,0,0,9,14,0,0,0,0,0,4,0,0,0,0,0
8260,0,3,5,0,0,10,0,0,0,0,0,10,2,1,0,0,0
8270,0,0,18,0,0,2,0,0,0,0,0,4,2,0,6,4,0
8280,0,0,17,0,0,0,0,0,0,0,0,1,1,0,4,1,3
8290,15,0,16,0,0,0,0,0,0,0,0,0,1,0,0,0,4
8300,22,5,4,4,4,0,0,0,0,0,0,0,0,0,2,0,1
8310,19,17,2,13,3,0,0,0,0,0,0,0,0,0,0,0,0
8320,11,17,9,18,12,6,0,0,0,0,0,0,0,0,0,0,0
8330,9,18,4,20,17,6,0,0,0,0,0,0,0,0,0,0,0
8340,7,15,0,9,15,14,0,0,0,0,0,0,0,0,0,0,0
8350,1,6,0,0,10,15,0,0,0,0,0,4,0,0,0,0,0
8360,0,1,0,0,1,8,0,0,0,0,0,7,1,0,0,0,0
8370,0,0,19,0,0,5,0,0,0,0,0,2,2,0,6,3,0
8380,0,0,24,0,0,0,0,0,0,0,0,5,2,0,2,5,3
8390,15,0,20,0,0,0,0,0,0,0,0,0,4,0,2,3,1
8400,20,5,6,0,0,0,0,0,0,0,0,0,1,0,2,0,1
8410,16,17,3,16,8,0,0,0,0,0,0,0,0,0,0,0,0
8420,8,19,9,18,11,10,0,0,0,0,0,0,0,0,0,0,0
8430,7,13,8,20,16,4,0,0,0,0,0,0,0,0,0,0,0
8440,5,8,0,15,18,12,0,0,0,0,0,0,0,0,0,0,0
8450,4,7,0,0,12,14,0,0,0,0,0,2,0,0,0,0,0
8460,0,3,0,0,4,15,0,0,0,0,0,9,1,0,0,0,0
8470,0,0,13,0,0,9,0,0,0,0,0,3,4,0,6,3,0
8480,0,0,20,0,0,0,0,0,0,0,0,2,1,0,1,4,2
8490,12,0,18,0,0,0,0,0,0,0,0,2,0,0,1,4,1
8500,21,5,10,0,0,0,0,0,0,0,0,0,0,0,0,0,0
8510,16,13,4,14,8,0,0,0,0,0,0,0,0,0,0,0,1
8520,3,20,7,18,10,4,0,0,0,0,0,0,0,0,0,0,0
8530,5,11,14,19,16,8,0,0,0,0,0,0,0,0,0,0,0
8540,8,5,0,17,16,14,0,0,0,0,0,0,0,0,0,0,0
8550,5,5,0,0,16,16,0,0,0,0,0,2,0,0,0,0,0
8560,0,6,0,1,2,12,0,0,0,0,0,8,1,1,0,0,0
8570,0,0,6,0,0,12,0,0,0,0,0,8,4,1,5,2,0
8580,0,0,23,0,0,0,0,0,0,0,0,4,4,0,3,3,2
8590,10,0,21,0,0,0,0,0,0,0,0,1,4,0,0,0,2
8600,19,5,14,0,0,0,0,0,0,0,0,0,1,0,1,0,0
8610,12,15,3,12,9,0,0,0,0,0,0,0,0,0,0,0,0
8620,7,18,4,18,7,3,0,0,0,0,0,0,0,0,0,0,0
8630,9,14,18,17,17,8,0,0,0,0,0,0,0,0,0,0,0
8640,6,8,2,21,18,9,0,0,0,0,0,0,0,0,0,0,0
8650,2,9,0,4,16,15,0,0,0,0,0,2,0,0,0,0,0
8660,0,3,0,0,7,17,0,0,0,0,0,7,0,0,0,0,0
8670,0,0,5,0,0,14,0,0,0,0,0,3,4,0,4,2,0
8680,0,0,17,0,0,1,0,0,0,0,0,2,4,0,8,1,2
8690,9,0,20,0,0,0,0,0,0,0,0,0,0,0,2,1,4
8700,21,4,15,0,0,0,0,0,0,0,0,0,1,0,0,0,0
8710,15,13,2,12,6,0,0,0,0,0,0,0,0,0,0,0,1
8720,6,19,6,16,8,3,0,0,0,0,0,0,0,0,0,0,0
8730,12,12,19,19,19,5,0,0,0,0,0,0,0,0,0,0,0
8740,5,8,8,17,14,13,0,0,0,0,0,0,0,0,0,0,0
8750,5,9,0,11,13,12,0,0,0,0,0,2,0,0,0,0,0
8760,0,5,0,1,13,12,0,0,0,0,0,7,0,0,0,0,0
8770,0,0,0,0,1,9,0,0,0,0,0,2,2,0,2,2,0
8780,0,0,15,0,0,4,0,0,0,0,0,1,0,0,0,4,1
8790,5,0,23,0,0,0,0,0,0,0,0,0,0,0,1,6,1
8800,23,3,4,0,0,0,0,0,0,0,0,0,0,0,0,4,1
8810,8,13,0,8,6,0,0,0,0,0,0,0,0,0,0,0,0
8820,4,15,12,19,6,1,0,0,0,0,0,0,0,0,0,0,0
8830,8,10,17,18,16,5,0,0,0,0,0,0,0,0,0,0,0
8840,7,6,10,11,14,13,0,0,0,0,0,0,0,0,0,0,0
8850,5,8,0,5,13,13,0,0,0,0,0,0,0,0,0,0,0
8860,0,4,0,0,3,13,0,0,0,0,0,8,0,0,0,0,0
8870,0,0,0,1,0,5,0,0,0,0,0,5,3,1,2,1,0
8880,0,0,10,0,0,2,0,0,0,0,0,6,3,0,3,3,1
8890,5,0,13,0,0,0,0,0,0,0,0,2,1,0,1,1,3
8900,20,0,1,0,0,0,0,0,0,0,0,0,0,0,1,0,0
8910,20,16,1,8,5,0,0,0,0,0,0,0,0,0,0,1,0
8920,7,16,11,13,4,1,0,0,0,0,0,0,0,0,0,0,0
8930,6,14,18,10,14,6,0,0,0,0,0,0,0,0,0,0,0
8940,2,11,14,13,8,9,0,0,0,0,0,0,0,0,0,0,0
8950,8,5,2,9,12,11,0,0,0,0,0,0,0,0,0,0,0
8960,0,6,0,0,8,9,0,0,0,0,0,8,0,0,0,0,0
8970,0,1,0,0,1,11,0,0,0,0,0,1,2,1,2,1,0
8980,0,0,5,0,0,1,0,0,0,0,0,3,0,0,8,4,1
8990,5,0,17,0,0,0,0,0,0,0,0,3,0,0,3,1,3
9000,18,0,5,0,0,0,0,0,0,0,0,0,0,0,1,2,1
9010,21,13,0,5,5,0,0,0,0,0,0,0,0,0,0,0,0
9020,11,16,6,18,11,0,0,0,0,0,0,0,0,0,0,0,0
9030,7,15,16,9,15,6,0,0,0,0,0,0,0,0,0,0,0
9040,10,10,16,11,9,12,0,0,0,0,0,0,0,0,0,0,0
9050,6,12,6,11,10,14,0,0,0,0,0,0,0,0,0,0,0
9060,0,7,0,4,10,7,0,0,0,0,0,6,0,0,0,0,0
9070,0,2,0,0,4,9,0,0,0,0,0,10,2,2,2,1,0
9080,0,0,0,0,0,2,0,0,0,0,0,3,3,0,2,4,0
9090,0,0,19,0,0,0,0,0,0,0,0,2,0,1,1,4,2
9100,20,0,17,0,0,0,0,0,0,0,0,0,3,0,2,3,0
9110,21,11,7,4,2,0,0,0,0,0,0,0,0,0,0,0,0
9120,6,21,8,18,4,3,0,0,0,0,0,0,0,0,0,0,1
9130,7,14,18,13,14,3,0,0,0,0,0,0,0,0,0,0,0
9140,9,7,18,15,10,8,0,0,0,0,0,0,0,0,0,0,0
9150,4,9,5,16,15,12,0,0,0,0,0,0,0,0,0,0,0
9160,1,5,0,4,14,6,0,0,0,0,0,6,0,0,0,0,0
9170,0,1,0,0,7,13,0,0,0,0,0,6,2,0,0,0,0
9180,0,0,0,0,0,8,0,0,0,0,0,2,3,1,8,4,0
9190,0,0,12,0,0,0,0,0,0,0,0,0,1,0,0,2,1
9200,19,0,18,0,0,0,0,0,0,0,0,0,1,0,1,0,0
9210,20,8,1,4,4,0,0,0,0,0,0,0,0,0,0,0,0
9220,12,21,4,16,3,3,0,0,0,0,0,0,0,0,0,0,0
9230,9,15,19,9,12,7,0,0,0,0,0,0,0,0,0,0,0
9240,6,11,18,15,8,7,0,0,0,0,0,0,0,0,0,0,0
9250,3,8,12,16,13,6,0,0,0,0,0,0,0,0,0,0,0
9260,4,5,3,4,18,6,0,0,0,0,0,4,0,0,0,0,0
9270,0,3,0,0,4,16,0,0,0,0,0,7,1,1,0,0,0
9280,0,0,0,0,0,9,0,0,0,0,0,3,4,0,8,4,0
9290,0,0,5,0,0,0,0,0,0,0,0,2,0,0,5,2,0
9300,15,0,16,0,0,0,0,0,0,0,0,0,0,1,2,0,0
9310,13,9,1,4,4,0,0,0,0,0,0,0,0,0,1,0,1
9320,5,21,3,12,8,0,0,0,0,0,0,0,0,0,0,0,2
9330,8,8,19,8,13,9,0,0,0,0,0,0,0,0,0,0,0
9340,5,7,14,15,8,9,0,0,0,0,0,0,0,0,0,0,0
9350,5,6,10,8,13,8,0,0,0,0,0,0,0,0,0,0,0
9360,3,7,2,8,9,9,0,0,0,0,0,4,0,0,0,0,0
9370,0,3,0,1,8,13,0,0,0,0,0,8,1,1,0,0,0
9380,0,0,0,0,0,7,0,0,0,0,0,2,4,0,6,3,0
9390,0,0,0,0,0,1,0,0,0,0,0,0,1,0,2,1,2
9400,14,0,17,0,0,0,0,0,0,0,0,0,2,0,1,0,4
9410,21,8,8,0,0,0,0,0,0,0,0,0,1,0,1,4,1
9420,15,18,6,15,6,0,0,0,0,0,0,0,0,0,0,0,0
9430,6,21,17,9,11,8,0,0,0,0,0,0,0,0,0,0,0
9440,6,11,18,12,11,9,0,0,0,0,0,0,0,0,0,0,0
9450,9,5,16,16,12,9,0,0,0,0,0,0,0,0,0,0,0
9460,2,4,5,13,13,7,0,0,0,0,0,4,0,0,0,0,0
9470,0,6,0,1,13,12,0,0,0,0,0,5,1,1,0,0,0
9480,0,0,0,0,2,11,0,0,0,0,0,1,4,1,2,3,0
9490,0,0,0,0,0,4,0,0,0,0,0,5,1,0,2,1,2
9500,10,0,15,0,0,0,0,0,0,0,0,1,1,1,0,2,3
9510,23,5,8,0,0,0,0,0,0,0,0,0,1,0,0,1,0
9520,9,15,6,14,8,0,0,0,0,0,0,0,0,0,0,0,1
9530,9,19,10,4,8,9,0,0,0,0,0,0,0,0,0,0,0
9540,5,7,19,13,6,7,0,0,0,0,0,0,0,0,0,0,0
9550,7,9,10,12,11,10,0,0,0,0,0,0,0,0,0,0,0
9560,2,8,7,10,9,2,0,0,0,0,0,2,0,0,0,0,0
9570,0,5,0,1,10,11,0,0,0,0,0,9,1,0,0,0,0
9580,0,0,0,0,2,8,0,0,0,0,0,4,4,0,4,2,0
9590,0,0,0,0,0,3,0,0,0,0,0,0,4,0,8,5,2
9600,10,0,7,0,0,0,0,0,0,0,0,0,1,1,0,1,1
9610,22,4,16,0,0,0,0,0,0,0,0,0,0,0,1,0,0
9620,21,15,5,13,7,0,0,0,0,0,0,0,0,0,0,0,1
9630,13,21,15,11,10,5,0,0,0,0,0,0,0,0,0,0,0
9640,7,20,14,10,12,8,0,0,0,0,0,0,0,0,0,0,0
9650,6,10,21,13,11,10,0,0,0,0,0,0,0,0,0,0,0
9660,4,9,6,14,11,10,0,0,0,0,0,2,0,0,0,0,0
9670,0,3,2,5,13,5,0,0,0,0,0,8,0,0,0,0,0
9680,0,0,0,0,3,14,0,0,0,0,0,4,3,0,4,2,0
9690,0,0,0,0,0,4,0,0,0,0,0,1,0,0,6,4,1
9700,9,0,4,0,0,0,0,0,0,0,0,0,0,0,2,4,0
9710,21,5,15,0,0,0,0,0,0,0,0,0,0,0,3,3,0
9720,6,15,20,12,7,0,0,0,0,0,0,0,0,0,0,0,0
9730,8,22,22,17,9,4,0,0,0,0,0,0,0,0,0,0,0
9740,5,9,10,18,15,6,0,0,0,0,0,0,0,0,0,0,0
9750,7,7,9,10,15,14,0,0,0,0,0,0,0,0,0,0,0
9760,7,5,9,8,13,13,0,0,0,0,0,2,0,0,0,0,0
9770,0,7,5,8,8,11,0,0,0,0,0,5,0,0,0,0,0
9780,0,0,0,2,3,9,0,0,0,0,0,4,3,0,4,2,0
9790,0,0,0,0,0,4,0,0,0,0,0,1,3,0,7,0,1
9800,5,0,0,0,0,0,0,0,0,0,0,0,1,0,2,0,4
9810,21,5,13,0,0,0,0,0,0,0,0,0,0,0,1,0,1
9820,21,13,18,11,9,0,0,0,0,0,0,0,0,0,0,0,2
9830,9,24,15,14,13,2,0,0,0,0,0,0,0,0,0,0,1
9840,8,15,8,15,16,8,0,0,0,0,0,0,0,0,0,0,0
9850,7,10,12,9,12,13,0,0,0,0,0,0,0,0,0,0,0
9860,4,5,7,8,9,13,0,0,0,0,0,0,0,0,0,0,0
9870,0,4,6,6,8,6,0,0,0,0,0,8,0,0,0,0,0
9880,0,0,0,3,3,6,0,0,0,0,0,7,3,0,2,1,0
9890,0,0,0,0,0,2,0,0,0,0,0,4,2,0,2,4,1
9900,5,0,0,0,0,0,0,0,0,0,0,0,0,0,1,1,1
9910,19,0,9,0,0,0,0,0,0,0,0,0,1,0,0,2,0
9920,11,15,16,8,7,0,0,0,0,0,0,0,0,0,1,0,2
9930,6,20,11,14,7,5,0,0,0,0,0,0,0,0,0,0,0
9940,6,10,5,8,13,10,0,0,0,0,0,0,0,0,0,0,0
9950,12,5,9,7,7,11,0,0,0,0,0,0,0,0,0,0,0
9960,7,12,7,8,6,11,0,0,0,0,0,0,0,0,0,0,0
9970,0,7,5,5,8,3,0,0,0,0,0,8,0,0,0,0,0
9980,0,1,1,3,6,7,0,0,0,0,0,8,2,0,2,1,0
9990,0,0,0,0,0,3,0,0,0,0,0,8,2,0,6,4,1
10000,5,0,0,0,0,0,0,0,0,0,0,1,1,0,1,0,3
10010,16,0,5,0,0,0,0,0,0,0,0,0,2,0,2,0,1
10020,18,15,15,3,6,0,0,0,0,0,0,0,0,0,1,0,0
10030,12,20,15,12,9,4,0,0,0,0,0,0,0,0,0,0,1
10040,9,15,20,15,10,8,0,0,0,0,0,0,0,0,0,0,0
10050,6,11,17,15,14,8,0,0,0,0,0,0,0,0,0,0,0
10060,6,8,10,12,13,10,0,0,0,0,0,0,0,0,0,0,0
10070,1,7,11,9,13,15,0,0,0,0,0,6,0,0,0,0,0
10080,0,3,3,6,5,10,0,0,0,0,0,3,2,1,2,1,0
10090,0,0,0,0,0,8,0,0,0,0,0,3,2,0,6,2,0
10100,0,0,0,0,0,0,0,0,0,0,0,1,4,0,1,1,3
10110,20,0,0,0,0,0,0,0,0,0,0,0,1,0,1,1,0
10120,22,9,16,4,4,0,0,0,0,0,0,0,0,0,0,0,1
10130,8,22,19,15,9,3,0,0,0,0,0,0,0,0,0,0,0
10140,10,18,14,15,14,10,0,0,0,0,0,0,0,0,0,0,0
10150,8,13,11,10,14,10,0,0,0,0,0,0,0,0,0,0,0
10160,5,6,9,9,11,13,0,0,0,0,0,0,0,0,0,0,0
10170,1,7,12,9,8,12,0,0,0,0,0,5,0,0,0,0,0
10180,0,1,7,9,5,8,0,0,0,0,0,9,2,0,0,0,0
10190,0,0,0,0,0,4,0,0,0,0,0,5,4,0,5,4,0
10200,0,0,0,0,0,0,0,0,0,0,0,6,2,1,4,5,1
10210,18,0,0,0,0,0,0,0,0,0,0,0,1,0,3,1,1
10220,9,9,9,3,4,0,0,0,0,0,0,0,0,0,1,0,0
10230,4,14,17,10,11,1,0,0,0,0,0,0,0,0,0,0,1
10240,3,6,11,10,12,6,0,0,0,0,0,0,0,0,0,0,0
10250,5,4,10,11,7,11,0,0,0,0,0,0,0,0,0,0,0
10260,3,4,13,10,9,11,0,0,0,0,0,0,0,0,0,0,0
10270,1,5,11,12,8,8,0,0,0,0,0,4,0,0,0,0,0
10280,0,1,10,12,6,8,0,0,0,0,0,9,2,0,0,0,0
10290,0,0,0,0,0,4,0,0,0,0,0,4,4,1,5,4,0
10300,0,0,0,0,0,0,0,0,0,0,0,1,1,1,2,0,3
10310,15,0,0,0,0,0,0,0,0,0,0,0,1,0,0,0,1
10320,23,4,5,4,3,0,0,0,0,0,0,0,0,0,0,0,0
10330,13,19,8,8,12,0,0,0,0,0,0,0,0,0,0,0,1
10340,13,18,13,6,14,10,0,0,0,0,0,0,0,0,0,0,0
10350,7,18,18,16,10,9,0,0,0,0,0,0,0,0,0,0,0
10360,7,6,18,13,13,12,0,0,0,0,0,0,0,0,0,0,0
10370,2,5,13,16,13,11,0,0,0,0,0,4,0,0,0,0,0
10380,0,4,4,11,14,9,0,0,0,0,0,8,1,1,0,0,0
10390,0,0,3,0,1,9,0,0,0,0,0,0,0,0,6,2,0
10400,0,0,0,0,0,1,0,0,0,0,0,0,0,0,4,0,2
10410,15,0,0,0,0,0,0,0,0,0,0,0,0,0,0,1,2
10420,18,4,0,0,0,0,0,0,0,0,0,0,0,0,0,2,0
10430,4,17,8,10,15,0,0,0,0,0,0,0,0,0,0,0,0
10440,9,11,15,11,12,14,0,0,0,0,0,0,0,0,0,0,0
10450,7,10,14,13,11,11,0,0,0,0,0,0,0,0,0,0,0
10460,6,6,10,11,12,9,0,0,0,0,0,0,0,0,0,0,0
10470,3,9,7,7,9,7,0,0,0,0,0,2,0,0,0,0,0
10480,0,5,9,6,8,11,0,0,0,0,0,9,1,1,0,0,0
10490,0,0,6,3,1,8,0,0,0,0,0,3,2,0,5,3,0
10500,0,0,0,0,0,2,0,0,0,0,0,3,1,0,8,3,2
10510,11,0,0,0,0,0,0,0,0,0,0,0,0,0,0,0,2
10520,23,1,0,0,0,0,0,0,0,0,0,0,0,0,3,1,1
10530,8,17,5,8,12,0,0,0,0,0,0,0,0,0,0,0,0
10540,8,17,16,5,11,7,0,0,0,0,0,0,0,0,0,0,0
10550,8,10,17,13,8,11,0,0,0,0,0,0,0,0,0,0,0
10560,5,6,12,13,9,8,0,0,0,0,0,0,0,0,0,0,0
10570,4,7,5,8,13,11,0,0,0,0,0,2,0,0,0,0,0
10580,0,5,7,5,7,7,0,0,0,0,0,10,1,1,0,0,0
10590,0,0,7,1,1,10,0,0,0,0,0,2,2,0,3,2,0
10600,0,0,0,0,0,1,0,0,0,0,0,4,1,0,0,0,2
10610,10,0,0,0,0,0,0,0,0,0,0,1,0,0,0,2,1
10620,21,1,0,0,0,0,0,0,0,0,0,0,0,0,1,1,1
10630,6,17,5,10,11,0,0,0,0,0,0,0,0,0,0,0,0
10640,4,14,15,5,7,1,0,0,0,0,0,0,0,0,0,0,0
10650,4,4,16,14,7,9,0,0,0,0,0,0,0,0,0,0,0
10660,4,2,5,13,9,9,0,0,0,0,0,0,0,0,0,0,0
10670,2,5,4,7,11,4,0,0,0,0,0,2,0,0,0,0,0
10680,0,3,5,2,8,8,0,0,0,0,0,8,0,0,0,0,0
10690,0,0,5,2,0,5,0,0,0,0,0,10,1,2,3,2,0
10700,0,0,1,0,0,2,0,0,0,0,0,3,1,0,1,2,2
10710,8,0,0,0,0,0,0,0,0,0,0,0,0,1,1,0,3
10720,21,5,0,0,0,0,0,0,0,0,0,0,1,0,1,0,0
10730,6,15,2,8,7,0,0,0,0,0,0,0,0,0,0,0,2
10740,7,16,16,3,8,4,0,0,0,0,0,0,0,0,0,0,0
10750,4,3,17,15,6,8,0,0,0,0,0,0,0,0,0,0,0
10760,2,7,8,11,12,3,0,0,0,0,0,0,0,0,0,0,0
10770,5,4,9,9,11,5,0,0,0,0,0,2,0,0,0,0,0
10780,0,4,5,6,9,12,0,0,0,0,0,6,0,0,0,0,0
10790,0,0,4,0,2,6,0,0,0,0,0,7,3,0,3,2,0
10800,0,0,3,0,0,3,0,0,0,0,0,3,4,0,5,4,1
10810,5,0,0,0,0,0,0,0,0,0,0,1,1,0,0,1,4
10820,20,3,0,0,0,0,0,0,0,0,0,0,0,0,2,3,0
10830,12,11,0,7,9,0,0,0,0,0,0,0,0,0,0,0,1
10840,5,15,14,2,11,1,0,0,0,0,0,0,0,0,0,0,0
10850,5,11,17,16,6,11,0,0,0,0,0,0,0,0,0,0,0
10860,7,7,13,15,14,10,0,0,0,0,0,0,0,0,0,0,0
10870,6,6,6,10,14,6,0,0,0,0,0,0,0,0,0,0,0
10880,0,5,7,1,8,13,0,0,0,0,0,8,0,0,0,0,0
10890,0,1,5,3,4,12,0,0,0,0,0,7,2,0,2,1,0
10900,0,0,3,0,0,1,0,0,0,0,0,0,0,0,0,3,1
10910,5,0,0,0,0,0,0,0,0,0,0,2,1,0,1,0,3
10920,19,0,0,0,0,0,0,0,0,0,0,0,0,0,2,0,0
10930,22,16,0,6,6,0,0,0,0,0,0,0,0,0,0,0,1
10940,16,17,9,2,3,3,0,0,0,0,0,0,0,0,0,0,0
10950,9,16,21,11,4,5,0,0,0,0,0,0,0,0,0,0,0
10960,6,13,18,18,8,3,0,0,0,0,0,0,0,0,0,0,0
10970,4,8,12,12,15,3,0,0,0,0,0,0,0,0,0,0,0
10980,0,6,11,11,14,10,0,0,0,0,0,7,0,0,0,0,0
10990,0,0,7,6,7,10,0,0,0,0,0,7,2,1,2,1,0
11000,0,0,5,0,0,8,0,0,0,0,0,3,3,0,8,3,1
11010,5,0,1,0,0,0,0,0,0,0,0,0,0,0,0,0,3
11020,18,0,0,0,0,0,0,0,0,0,0,0,0,0,0,1,0
11030,16,13,0,7,6,0,0,0,0,0,0,0,0,0,0,1,0
11040,8,18,5,4,11,4,0,0,0,0,0,0,0,0,0,0,0
11050,8,13,19,5,8,14,0,0,0,0,0,0,0,0,0,0,0
11060,7,7,21,17,4,12,0,0,0,0,0,0,0,0,0,0,0
11070,3,7,10,16,13,2,0,0,0,0,0,0,0,0,0,0,0
11080,0,5,5,6,16,10,0,0,0,0,0,6,0,0,0,0,0
11090,0,1,7,5,5,8,0,0,0,0,0,10,2,2,2,1,0
11100,0,0,3,0,0,10,0,0,0,0,0,2,4,0,3,3,0
11110,0,0,4,0,0,0,0,0,0,0,0,0,1,0,0,5,4
11120,20,0,0,0,0,0,0,0,0,0,0,0,0,0,2,3,2
11130,14,12,0,4,4,0,0,0,0,0,0,0,0,0,0,2,0
11140,7,19,0,4,7,4,0,0,0,0,0,0,0,0,0,0,1
11150,10,9,19,0,6,7,0,0,0,0,0,0,0,0,0,0,0
11160,7,10,23,17,3,5,0,0,0,0,0,0,0,0,0,0,0
11170,7,6,12,18,11,0,0,0,0,0,0,0,0,0,0,0,0
11180,0,8,7,13,17,9,0,0,0,0,0,6,0,0,0,0,0
11190,0,3,7,4,10,11,0,0,0,0,0,7,1,1,0,0,0
11200,0,0,4,0,0,14,0,0,0,0,0,3,0,0,7,4,0
11210,0,0,3,0,0,0,0,0,0,0,0,1,1,0,1,1,2
11220,18,0,0,0,0,0,0,0,0,0,0,0,2,0,2,1,0
11230,22,7,0,4,4,0,0,0,0,0,0,0,0,0,0,0,1
11240,13,17,0,7,8,4,0,0,0,0,0,0,0,0,0,0,0
11250,6,19,11,1,10,8,0,0,0,0,0,0,0,0,0,0,0
11260,4,10,19,11,1,7,0,0,0,0,0,0,0,0,0,0,0
11270,10,3,14,17,12,5,0,0,0,0,0,0,0,0,0,0,0
11280,2,9,11,11,14,5,0,0,0,0,0,4,0,0,0,0,0
11290,0,4,12,4,12,12,0,0,0,0,0,9,1,0,0,0,0
11300,0,0,3,0,0,11,0,0,0,0,0,0,0,0,4,2,0
11310,0,0,1,0,0,0,0,0,0,0,0,1,0,0,0,0,3
11320,15,0,0,0,0,0,0,0,0,0,0,0,2,0,2,3,3
11330,24,7,0,4,3,0,0,0,0,0,0,0,1,0,1,1,1
11340,20,15,0,7,6,0,0,0,0,0,0,0,0,0,0,0,0
11350,7,19,5,0,10,11,0,0,0,0,0,0,0,0,0,0,0
11360,7,18,20,6,1,7,0,0,0,0,0,0,0,0,0,0,0
11370,5,7,21,14,5,3,0,0,0,0,0,0,0,0,0,0,0
11380,2,10,19,14,13,0,0,0,0,0,0,4,0,0,0,0,0
11390,0,2,13,14,13,10,0,0,0,0,0,8,1,1,0,0,0
11400,0,0,5,0,0,9,0,0,0,0,0,2,4,0,6,3,0
11410,0,0,6,0,0,1,0,0,0,0,0,2,0,0,5,2,3
11420,15,0,2,0,0,0,0,0,0,0,0,1,2,1,1,1,4
11430,19,5,0,0,0,0,0,0,0,0,0,0,0,0,1,0,2
11440,11,19,0,13,14,0,0,0,0,0,0,0,0,0,0,0,0
11450,4,19,0,1,12,12,0,0,0,0,0,0,0,0,0,0,0
11460,6,8,21,2,8,12,0,0,0,0,0,0,0,0,0,0,0
11470,5,7,22,18,1,13,0,0,0,0,0,0,0,0,0,0,0
11480,3,4,14,18,14,1,0,0,0,0,0,3,0,0,0,0,0
11490,0,3,9,9,14,6,0,0,0,0,0,6,1,0,0,0,0
11500,0,0,6,1,4,10,0,0,0,0,0,0,1,0,6,3,0
11510,0,0,2,0,0,1,0,0,0,0,0,2,1,0,2,4,2
11520,11,0,2,0,0,0,0,0,0,0,0,0,0,0,0,2,4
11530,20,6,0,0,0,0,0,0,0,0,0,0,0,0,1,2,1
11540,6,18,0,8,11,0,0,0,0,0,0,0,0,0,0,0,1
11550,5,13,0,0,6,12,0,0,0,0,0,0,0,0,0,0,0
11560,4,6,14,0,1,12,0,0,0,0,0,0,0,0,0,0,0
11570,6,5,19,13,0,4,0,0,0,0,0,0,0,0,0,0,0
11580,3,2,15,18,10,1,0,0,0,0,0,2,0,0,0,0,0
11590,0,6,4,11,14,2,0,0,0,0,0,5,1,0,0,0,0
11600,0,0,7,1,3,13,0,0,0,0,0,2,3,0,4,2,0
11610,0,0,5,0,0,3,0,0,0,0,0,2,1,0,9,0,2
11620,10,0,2,0,0,0,0,0,0,0,0,1,1,1,1,0,3
11630,23,1,0,0,0,0,0,0,0,0,0,0,0,0,0,2,0
11640,14,18,0,11,11,0,0,0,0,0,0,0,0,0,0,0,0
11650,6,21,0,3,16,9,0,0,0,0,0,0,0,0,0,0,0
11660,7,9,9,0,9,13,0,0,0,0,0,0,0,0,0,0,0
11670,2,5,18,8,0,15,0,0,0,0,0,0,0,0,0,0,0
11680,7,2,21,15,5,1,0,0,0,0,0,2,0,0,0,0,0
11690,0,4,14,18,13,4,0,0,0,0,0,8,0,0,0,0,0
11700,0,0,6,4,5,6,0,0,0,0,0,10,1,0,4,2,0
11710,0,0,3,0,0,4,0,0,0,0,0,5,0,0,3,4,2
11720,8,0,0,0,0,0,0,0,0,0,0,0,0,1,1,0,4
11730,22,5,1,0,0,0,0,0,0,0,0,0,0,0,0,0,0
11740,23,17,0,10,11,0,0,0,0,0,0,0,0,0,0,0,0
11750,11,18,0,3,17,7,0,0,0,0,0,0,0,0,0,0,0
11760,9,17,5,0,10,13,0,0,0,0,0,0,0,0,0,0,0
11770,9,13,14,2,3,16,0,0,0,0,0,0,0,0,0,0,0
11780,6,11,20,16,2,4,0,0,0,0,0,2,0,0,0,0,0
11790,0,8,24,17,11,1,0,0,0,0,0,6,0,0,0,0,0
11800,0,0,17,10,8,6,0,0,0,0,0,8,3,2,4,2,0
11810,0,0,14,0,0,7,0,0,0,0,0,1,0,0,7,2,1
11820,5,0,0,0,0,0,0,0,0,0,0,0,0,0,7,0,3
11830,22,5,1,0,0,0,0,0,0,0,0,0,0,0,0,0,0
11840,21,15,0,9,9,0,0,0,0,0,0,0,0,0,0,0,0
11850,9,22,0,16,16,8,0,0,0,0,0,0,0,0,0,0,0
11860,9,12,0,6,12,16,0,0,0,0,0,0,0,0,0,0,0
11870,6,11,14,2,16,11,0,0,0,0,0,0,0,0,0,0,0
11880,7,8,19,14,5,14,0,0,0,0,0,0,0,0,0,0,0
11890,0,7,23,17,13,8,0,0,0,0,0,8,0,0,0,0,0
11900,0,0,19,11,6,5,0,0,0,0,0,2,3,0,2,1,0
11910,0,0,8,0,0,9,0,0,0,0,0,2,1,0,8,4,1
11920,5,0,3,0,0,0,0,0,0,0,0,3,0,0,0,1,3
11930,20,0,1,0,0,0,0,0,0,0,0,0,0,1,2,0,0
11940,20,16,0,8,7,0,0,0,0,0,0,0,0,0,1,0,1
11950,5,20,0,16,12,5,0,0,0,0,0,0,0,0,0,0,1
11960,5,17,0,1,15,12,0,0,0,0,0,0,0,0,0,0,0
11970,6,8,10,1,8,9,0,0,0,0,0,0,0,0,0,0,0
11980,5,6,21,9,0,12,0,0,0,0,0,0,0,0,0,0,0
11990,0,5,22,17,8,1,0,0,0,0,0,8,0,0,0,0,0
12000,0,1,13,11,10,2,0,0,0,0,0,3,3,0,2,1,0
12010,0,0,3,0,0,9,0,0,0,0,0,1,0,1,6,4,1
12020,5,0,5,0,0,0,0,0,0,0,0,1,0,0,0,3,3
12030,16,0,2,0,0,0,0,0,0,0,0,0,0,0,2,0,0
12040,24,9,0,7,5,0,0,0,0,0,0,0,0,0,1,0,1
12050,15,17,0,17,12,4,0,0,0,0,0,0,0,0,0,0,1
12060,6,18,0,1,14,11,0,0,0,0,0,0,0,0,0,0,0
12070,8,12,5,0,7,12,0,0,0,0,0,0,0,0,0,0,0
12080,5,8,20,4,0,11,0,0,0,0,0,0,0,0,0,0,0
12090,0,7,24,17,3,3,0,0,0,0,0,7,0,0,0,0,0
12100,0,0,18,12,11,1,0,0,0,0,0,8,2,1,2,1,0
12110,0,0,5,0,0,5,0,0,0,0,0,3,4,0,6,4,0
12120,0,0,6,0,0,0,0,0,0,0,0,2,1,0,5,1,3
12130,20,0,3,0,0,0,0,0,0,0,0,0,1,0,3,1,0
12140,21,9,0,4,4,0,0,0,0,0,0,0,0,0,1,0,0
12150,16,19,0,18,12,4,0,0,0,0,0,0,0,0,0,0,1
12160,9,19,0,12,13,8,0,0,0,0,0,0,0,0,0,0,0
12170,6,14,0,0,18,9,0,0,0,0,0,0,0,0,0,0,0
12180,3,9,17,1,5,13,0,0,0,0,0,0,0,0,0,0,0
12190,0,5,20,14,1,11,0,0,0,0,0,6,0,0,0,0,0
12200,0,2,21,18,8,1,0,0,0,0,0,7,2,1,0,0,0
12210,0,0,16,0,0,1,0,0,0,0,0,3,4,0,8,4,0
12220,0,0,6,0,0,0,0,0,0,0,0,2,1,0,8,2,2
12230,19,0,3,0,0,0,0,0,0,0,0,0,0,0,1,1,0
12240,23,7,0,4,4,0,0,0,0,0,0,0,0,0,0,0,2
12250,16,21,0,14,14,4,0,0,0,0,0,0,0,0,0,0,1
12260,5,17,0,18,13,8,0,0,0,0,0,0,0,0,0,0,0
12270,4,14,0,0,19,11,0,0,0,0,0,0,0,0,0,0,0
12280,4,5,12,1,13,13,0,0,0,0,0,0,0,0,0,0,0
12290,3,6,23,10,3,14,0,0,0,0,0,5,0,0,0,0,0
12300,0,2,20,18,9,4,0,0,0,0,0,9,2,2,0,0,0
12310,0,0,16,0,0,5,0,0,0,0,0,7,1,0,7,3,0
12320,0,0,5,0,0,1,0,0,0,0,0,1,2,0,2,1,3
12330,15,0,1,0,0,0,0,0,0,0,0,0,0,0,0,0,2
12340,21,5,1,4,4,0,0,0,0,0,0,0,0,0,0,1,0
12350,5,19,0,14,11,0,0,0,0,0,0,0,0,0,0,0,0
12360,8,13,0,16,15,8,0,0,0,0,0,0,0,0,0,0,0
12370,5,7,0,5,16,14,0,0,0,0,0,0,0,0,0,0,0
12380,9,5,5,0,9,16,0,0,0,0,0,0,0,0,0,0,0
12390,4,3,23,6,1,12,0,0,0,0,0,4,0,0,0,0,0
12400,0,7,21,21,6,1,0,0,0,0,0,8,1,0,0,0,0
12410,0,0,9,1,1,2,0,0,0,0,0,3,4,0,6,3,0
12420,0,0,4,0,0,1,0,0,0,0,0,2,0,0,2,3,3
12430,15,0,2,0,0,0,0,0,0,0,0,0,0,0,2,0,0
12440,20,6,0,0,0,0,0,0,0,0,0,0,0,0,0,1,2
12450,16,22,0,17,13,0,0,0,0,0,0,0,0,0,0,0,1
12460,12,15,0,9,13,9,0,0,0,0,0,0,0,0,0,0,0
12470,4,16,0,0,14,14,0,0,0,0,0,0,0,0,0,0,0
12480,9,5,0,0,2,14,0,0,0,0,0,0,0,0,0,0,0
12490,3,8,20,2,0,6,0,0,0,0,0,4,0,0,0,0,0
12500,0,7,23,18,3,0,0,0,0,0,0,8,1,1,0,0,0
12510,0,0,23,2,1,0,0,0,0,0,0,7,4,0,6,3,0
12520,0,0,16,0,0,0,0,0,0,0,0,0,3,1,4,3,2
12530,10,0,4,0,0,0,0,0,0,0,0,0,0,0,1,1,1
12540,24,6,1,0,0,0,0,0,0,0,0,0,0,0,0,0,2
12550,18,17,0,13,13,0,0,0,0,0,0,0,0,0,0,0,0
12560,12,20,0,16,15,7,0,0,0,0,0,0,0,0,0,0,0
12570,9,17,0,19,13,13,0,0,0,0,0,0,0,0,0,0,0
12580,7,13,0,3,18,13,0,0,0,0,0,0,0,0,0,0,0
12590,3,8,14,0,9,13,0,0,0,0,0,2,0,0,0,0,0
12600,0,4,21,12,1,11,0,0,0,0,0,9,1,0,0,0,0
12610,0,0,26,5,0,2,0,0,0,0,0,5,4,0,4,2,0
12620,0,0,22,0,0,1,0,0,0,0,0,0,2,0,6,3,2
12630,10,0,5,0,0,0,0,0,0,0,0,0,0,0,1,0,3
12640,22,5,1,0,0,0,0,0,0,0,0,0,1,0,0,1,0
12650,14,17,1,11,10,0,0,0,0,0,0,0,0,0,0,0,1
12660,7,21,0,20,13,5,0,0,0,0,0,0,0,0,0,0,0
12670,6,7,0,16,20,12,0,0,0,0,0,0,0,0,0,0,0
12680,9,7,0,2,17,14,0,0,0,0,0,0,0,0,0,0,0
12690,3,7,7,0,7,19,0,0,0,0,0,2,0,0,0,0,0
12700,0,6,18,9,0,16,0,0,0,0,0,7,0,0,0,0,0
12710,0,0,24,3,2,0,0,0,0,0,0,4,4,0,1,2,0
12720,0,0,17,0,0,0,0,0,0,0,0,4,3,0,1,5,2
12730,10,0,4,0,0,0,0,0,0,0,0,0,2,0,0,1,4
12740,19,5,3,0,0,0,0,0,0,0,0,0,1,0,1,1,2
12750,19,16,1,12,11,0,0,0,0,0,0,0,0,0,0,0,1
12760,7,21,0,17,10,6,0,0,0,0,0,0,0,0,0,0,0
12770,7,12,0,12,17,13,0,0,0,0,0,0,0,0,0,0,0
12780,6,9,0,1,13,12,0,0,0,0,0,0,0,0,0,0,0
12790,6,6,5,0,3,16,0,0,0,0,0,2,0,0,0,0,0
12800,0,5,18,2,0,7,0,0,0,0,0,7,0,0,0,0,0
12810,0,0,24,9,0,0,0,0,0,0,0,5,4,2,3,2,0
12820,0,0,20,0,0,0,0,0,0,0,0,0,0,0,6,4,1
12830,5,0,7,0,0,0,0,0,0,0,0,2,1,0,2,5,3
12840,21,5,2,0,0,0,0,0,0,0,0,0,1,0,0,5,2
12850,11,14,3,8,10,0,0,0,0,0,0,0,0,0,0,0,0
12860,4,18,1,17,14,1,0,0,0,0,0,0,0,0,0,0,0
12870,11,11,0,21,16,11,0,0,0,0,0,0,0,0,0,0,0
12880,6,6,0,8,19,15,0,0,0,0,0,0,0,0,0,0,0
12890,5,8,0,0,13,15,0,0,0,0,0,0,0,0,0,0,0
12900,0,5,15,0,1,15,0,0,0,0,0,8,0,0,0,0,0
12910,0,0,23,6,0,5,0,0,0,0,0,8,3,0,2,1,0
12920,0,0,24,0,0,0,0,0,0,0,0,2,4,0,5,4,1
12930,5,0,7,0,0,0,0,0,0,0,0,2,5,0,1,0,4
12940,19,0,5,0,0,0,0,0,0,0,0,0,1,0,0,1,0
12950,6,19,4,8,7,0,0,0,0,0,0,0,0,0,0,0,1
12960,6,15,1,16,11,1,0,0,0,0,0,0,0,0,0,0,0
12970,6,9,0,22,15,9,0,0,0,0,0,0,0,0,0,0,0
12980,4,5,0,4,17,8,0,0,0,0,0,0,0,0,0,0,0
12990,6,4,0,1,7,12,0,0,0,0,0,0,0,0,0,0,0
13000,0,7,10,0,2,14,0,0,0,0,0,7,0,0,0,0,0
13010,0,1,22,4,0,1,0,0,0,0,0,7,3,3,2,1,0
13020,0,0,21,0,0,0,0,0,0,0,0,2,4,0,3,4,1
13030,5,0,14,0,0,0,0,0,0,0,0,0,3,0,1,3,1
13040,16,0,4,0,0,0,0,0,0,0,0,0,0,0,3,2,0
13050,19,16,3,6,8,0,0,0,0,0,0,0,0,0,0,0,0
13060,14,18,2,18,4,3,0,0,0,0,0,0,0,0,0,0,0
13070,11,16,0,19,15,9,0,0,0,0,0,0,0,0,0,0,0
13080,6,13,0,13,17,8,0,0,0,0,0,0,0,0,0,0,0
13090,10,10,0,0,14,11,0,0,0,0,0,0,0,0,0,0,0
13100,0,9,5,0,2,14,0,0,0,0,0,6,0,0,0,0,0
13110,0,2,19,1,1,9,0,0,0,0,0,6,1,1,2,1,0
13120,0,0,25,0,0,0,0,0,0,0,0,2,0,0,7,3,0
13130,0,0,17,0,0,0,0,0,0,0,0,2,0,0,2,4,4
13140,19,0,3,0,0,0,0,0,0,0,0,0,1,0,2,0,3
13150,17,13,1,4,3,0,0,0,0,0,0,0,0,0,1,1,1
13160,11,17,2,16,6,1,0,0,0,0,0,0,0,0,0,0,2
13170,9,15,2,16,12,3,0,0,0,0,0,0,0,0,0,0,0
13180,7,10,0,15,15,9,0,0,0,0,0,0,0,0,0,0,0
13190,8,7,0,0,12,10,0,0,0,0,0,0,0,0,0,0,0
13200,1,7,0,1,3,9,0,0,0,0,0,6,0,0,0,0,0
13210,0,1,19,0,1,6,0,0,0,0,0,7,1,0,0,0,0
13220,0,0,20,0,0,2,0,0,0,0,0,3,0,0,7,3,0
13230,0,0,17,0,0,0,0,0,0,0,0,2,3,0,3,0,4
13240,18,0,2,0,0,0,0,0,0,0,0,0,3,1,1,0,1
13250,15,12,4,4,2,0,0,0,0,0,0,0,0,0,0,0,0
13260,7,20,4,14,4,0,0,0,0,0,0,0,0,0,0,0,0
13270,6,11,5,19,12,3,0,0,0,0,0,0,0,0,0,0,0
13280,10,5,0,18,18,6,0,0,0,0,0,0,0,0,0,0,0
13290,10,4,0,0,18,14,0,0,0,0,0,0,0,0,0,0,0
13300,1,2,0,2,5,12,0,0,0,0,0,4,0,0,0,0,0
13310,0,1,10,0,2,15,0,0,0,0,0,8,0,1,0,0,0
13320,0,0,24,0,0,4,0,0,0,0,0,4,0,0,6,3,0
13330,0,0,19,0,0,0,0,0,0,0,0,1,2,0,2,1,3
13340,15,0,11,0,0,0,0,0,0,0,0,0,3,0,1,2,2
13350,23,8,5,4,3,0,0,0,0,0,0,0,0,0,0,0,1
13360,15,19,2,15,3,0,0,0,0,0,0,0,0,0,0,0,0
13370,10,21,5,19,14,5,0,0,0,0,0,0,0,0,0,0,0
13380,6,10,0,18,14,6,0,0,0,0,0,0,0,0,0,0,0
13390,6,12,0,5,16,11,0,0,0,0,0,0,0,0,0,0,0
13400,2,3,0,0,7,15,0,0,0,0,0,4,0,0,0,0,0
13410,0,1,5,0,0,11,0,0,0,0,0,9,0,1,0,0,0
13420,0,0,14,0,0,3,0,0,0,0,0,5,0,0,5,3,0
13430,0,0,11,0,0,0,0,0,0,0,0,1,1,0,0,2,3
13440,15,0,13,0,0,0,0,0,0,0,0,0,3,0,0,1,3
13450,20,7,7,0,0,0,0,0,0,0,0,0,1,0,1,0,0
13460,9,14,6,16,6,0,0,0,0,0,0,0,0,0,0,0,1
13470,5,22,8,18,12,2,0,0,0,0,0,0,0,0,0,0,0
13480,7,18,0,19,13,6,0,0,0,0,0,0,0,0,0,0,0
13490,7,11,0,4,16,13,0,0,0,0,0,0,0,0,0,0,0
13500,4,5,0,0,9,10,0,0,0,0,0,4,0,0,0,0,0
13510,0,4,0,0,1,13,0,0,0,0,0,7,1,0,0,0,0
13520,0,0,11,0,0,3,0,0,0,0,0,0,0,0,6,3,0
13530,0,0,12,0,0,1,0,0,0,0,0,0,0,0,1,3,2
13540,11,0,11,0,0,0,0,0,0,0,0,0,3,0,4,0,0
13550,23,5,12,0,0,0,0,0,0,0,0,0,1,1,0,0,0
13560,15,18,10,15,7,0,0,0,0,0,0,0,0,0,0,0,0
13570,6,22,9,18,8,7,0,0,0,0,0,0,0,0,0,0,0
13580,7,11,6,17,18,5,0,0,0,0,0,0,0,0,0,0,0
13590,3,6,0,9,12,14,0,0,0,0,0,0,0,0,0,0,0
13600,4,5,0,0,8,14,0,0,0,0,0,2,0,0,0,0,0
13610,0,6,0,0,0,8,0,0,0,0,0,4,0,1,0,0,0
13620,0,0,11,0,0,4,0,0,0,0,0,1,4,3,4,2,0
13630,0,0,10,0,0,0,0,0,0,0,0,0,4,3,6,5,2
13640,10,0,14,0,0,0,0,0,0,0,0,1,2,0,3,0,3
13650,21,3,19,0,0,0,0,0,0,0,0,0,0,0,2,0,1
13660,8,16,9,12,7,0,0,0,0,0,0,0,0,0,0,0,0
13670,6,17,8,18,10,5,0,0,0,0,0,0,0,0,0,0,0
13680,8,8,11,19,14,8,0,0,0,0,0,0,0,0,0,0,0
13690,9,7,0,17,16,10,0,0,0,0,0,0,0,0,0,0,0
13700,6,8,0,0,16,13,0,0,0,0,0,2,0,0,0,0,0
13710,0,6,0,0,4,14,0,0,0,0,0,8,0,0,0,0,0
13720,0,0,5,0,0,9,0,0,0,0,0,4,4,0,4,2,0
13730,0,0,19,0,0,2,0,0,0,0,0,0,4,0,2,3,1
13740,9,0,13,0,0,0,0,0,0,0,0,0,4,0,1,1,4
13750,20,3,17,0,0,0,0,0,0,0,0,0,1,0,1,0,4
13760,11,15,13,12,3,0,0,0,0,0,0,0,0,0,0,0,0
13770,5,21,9,18,7,1,0,0,0,0,0,0,0,0,0,0,1
13780,4,12,16,15,16,5,0,0,0,0,0,0,0,0,0,0,0
13790,9,3,3,21,13,10,0,0,0,0,0,0,0,0,0,0,0
13800,2,6,0,3,16,13,0,0,0,0,0,2,0,0,0,0,0
13810,0,6,0,0,5,10,0,0,0,0,0,6,0,0,0,0,0
13820,0,0,5,0,0,9,0,0,0,0,0,3,3,1,3,1,0
13830,0,0,13,0,0,0,0,0,0,0,0,2,3,0,3,4,1
13840,5,0,14,0,0,0,0,0,0,0,0,1,1,0,1,0,1
13850,21,2,18,0,0,0,0,0,0,0,0,0,0,0,0,1,1
13860,2,12,12,9,5,0,0,0,0,0,0,0,0,0,0,0,1
13870,9,16,11,18,4,1,0,0,0,0,0,0,0,0,0,0,0
13880,7,7,16,19,14,5,0,0,0,0,0,0,0,0,0,0,0
13890,7,11,7,17,19,11,0,0,0,0,0,0,0,0,0,0,0
13900,6,4,0,10,13,12,0,0,0,0,0,0,0,0,0,0,0
13910,0,7,0,0,11,15,0,0,0,0,0,8,0,0,0,0,0
13920,0,0,0,0,1,11,0,0,0,0,0,3,3,1,2,1,0
13930,0,0,14,0,0,4,0,0,0,0,0,1,4,0,4,2,1
13940,5,0,19,0,0,0,0,0,0,0,0,0,2,0,1,0,2
13950,20,0,15,0,0,0,0,0,0,0,0,0,1,0,2,1,0
13960,9,13,1,8,8,0,0,0,0,0,0,0,0,0,0,0,0
13970,6,21,7,16,5,6,0,0,0,0,0,0,0,0,0,0,0
13980,8,7,16,19,14,11,0,0,0,0,0,0,0,0,0,0,0
13990,8,7,14,17,12,10,0,0,0,0,0,0,0,0,0,0,0
14000,8,8,0,15,17,9,0,0,0,0,0,0,0,0,0,0,0
14010,0,8,0,0,14,11,0,0,0,0,0,7,0,0,0,0,0
14020,0,3,0,0,3,14,0,0,0,0,0,4,3,1,2,1,0
14030,0,0,10,0,0,6,0,0,0,0,0,0,3,0,7,0,1
14040,5,0,19,0,0,0,0,0,0,0,0,2,3,0,0,0,2
14050,16,0,10,0,0,0,0,0,0,0,0,0,1,0,0,0,1
14060,11,11,1,7,5,0,0,0,0,0,0,0,0,0,0,0,0
14070,3,18,7,16,7,2,0,0,0,0,0,0,0,0,0,0,0
14080,9,9,12,15,16,4,0,0,0,0,0,0,0,0,0,0,0
14090,6,8,17,15,15,10,0,0,0,0,0,0,0,0,0,0,0
14100,7,6,0,9,14,17,0,0,0,0,0,0,0,0,0,0,0
14110,0,5,0,0,9,11,0,0,0,0,0,6,0,0,0,0,0
14120,0,1,0,0,1,13,0,0,0,0,0,5,2,0,2,1,0
14130,0,0,5,0,0,5,0,0,0,0,0,3,4,0,4,0,0
14140,0,0,17,0,0,0,0,0,0,0,0,0,0,0,0,1,4
14150,20,0,8,0,0,0,0,0,0,0,0,0,3,0,3,0,4
14160,17,12,0,4,4,0,0,0,0,0,0,0,0,0,1,0,1
14170,6,16,7,18,6,3,0,0,0,0,0,0,0,0,0,0,0
14180,6,14,14,15,14,8,0,0,0,0,0,0,0,0,0,0,0
14190,4,6,19,10,17,10,0,0,0,0,0,0,0,0,0,0,0
14200,10,3,5,11,10,10,0,0,0,0,0,0,0,0,0,0,0
14210,1,8,0,3,6,14,0,0,0,0,0,5,0,0,0,0,0
14220,0,4,0,0,7,10,0,0,0,0,0,6,0,1,0,0,0
14230,0,0,0,0,0,2,0,0,0,0,0,3,1,1,5,4,0
14240,0,0,16,0,0,0,0,0,0,0,0,0,0,0,0,3,4
14250,17,0,7,0,0,0,0,0,0,0,0,0,0,0,1,1,2
14260,18,9,0,4,3,0,0,0,0,0,0,0,0,0,0,0,0
14270,4,21,4,15,4,4,0,0,0,0,0,0,0,0,0,0,0
14280,5,11,18,10,10,4,0,0,0,0,0,0,0,0,0,0,0
14290,6,5,17,15,12,4,0,0,0,0,0,0,0,0,0,0,0
14300,5,6,5,13,13,12,0,0,0,0,0,0,0,0,0,0,0
14310,2,6,0,5,13,9,0,0,0,0,0,4,0,0,0,0,0
14320,0,5,0,0,4,12,0,0,0,0,0,8,2,1,0,0,0
14330,0,0,0,0,0,8,0,0,0,0,0,5,2,0,6,4,0
14340,0,0,9,0,0,0,0,0,0,0,0,1,0,0,3,2,3
14350,15,0,19,0,0,0,0,0,0,0,0,0,0,0,1,0,0
14360,12,8,0,4,4,0,0,0,0,0,0,0,0,0,1,0,0
14370,5,16,2,13,2,0,0,0,0,0,0,0,0,0,0,0,0
14380,4,12,15,16,14,10,0,0,0,0,0,0,0,0,0,0,0
14390,6,4,17,15,15,7,0,0,0,0,0,0,0,0,0,0,0
14400,10,5,7,12,14,11,0,0,0,0,0,0,0,0,0,0,0
14410,2,9,0,5,10,11,0,0,0,0,0,4,0,0,0,0,0
14420,0,3,0,0,7,13,0,0,0,0,0,9,1,1,0,0,0
14430,0,0,0,0,1,6,0,0,0,0,0,4,3,0,6,3,0
14440,0,0,5,0,0,0,0,0,0,0,0,1,1,0,4,0,3
14450,12,0,20,0,0,0,0,0,0,0,0,0,0,0,0,3,1
14460,23,8,3,0,0,0,0,0,0,0,0,0,0,0,0,0,0
14470,19,19,2,15,6,0,0,0,0,0,0,0,0,0,0,0,0
14480,7,17,17,9,11,8,0,0,0,0,0,0,0,0,0,0,0
14490,9,14,17,13,14,7,0,0,0,0,0,0,0,0,0,0,0
14500,7,11,11,13,12,12,0,0,0,0,0,0,0,0,0,0,0
14510,6,7,4,10,11,12,0,0,0,0,0,4,0,0,0,0,0
14520,0,7,0,0,9,7,0,0,0,0,0,1,1,0,0,0,0
14530,0,0,0,0,1,11,0,0,0,0,0,2,2,0,6,2,0
14540,0,0,0,0,0,1,0,0,0,0,0,1,0,0,1,1,1
14550,10,0,17,0,0,0,0,0,0,0,0,0,3,0,2,0,4
14560,25,1,9,0,0,0,0,0,0,0,0,0,0,0,1,4,0
14570,11,20,3,14,8,0,0,0,0,0,0,0,0,0,0,0,0
14580,5,16,14,13,11,9,0,0,0,0,0,0,0,0,0,0,0
14590,12,4,19,12,13,6,0,0,0,0,0,0,0,0,0,0,0
14600,11,13,6,12,14,13,0,0,0,0,0,0,0,0,0,0,0
14610,3,11,9,4,12,11,0,0,0,0,0,2,0,0,0,0,0
14620,0,4,0,2,4,9,0,0,0,0,0,10,1,1,0,0,0
14630,0,0,0,0,0,7,0,0,0,0,0,2,1,1,5,2,0
14640,0,0,0,0,0,0,0,0,0,0,0,3,0,0,1,5,2
14650,10,0,14,0,0,0,0,0,0,0,0,1,1,0,0,4,3
14660,21,5,13,0,0,0,0,0,0,0,0,0,0,0,1,1,0
14670,9,15,0,12,5,0,0,0,0,0,0,0,0,0,0,0,1
14680,6,15,15,10,8,5,0,0,0,0,0,0,0,0,0,0,0
14690,12,6,16,15,10,3,0,0,0,0,0,0,0,0,0,0,0
14700,6,7,8,15,13,10,0,0,0,0,0,0,0,0,0,0,0
14710,5,10,6,8,14,8,0,0,0,0,0,2,0,0,0,0,0
14720,0,4,0,3,7,11,0,0,0,0,0,8,0,0,0,0,0
14730,0,0,0,1,3,9,0,0,0,0,0,6,2,1,4,2,0
14740,0,0,0,0,0,2,0,0,0,0,0,2,1,0,3,1,2
14750,8,0,10,0,0,0,0,0,0,0,0,0,0,0,0,0,1
14760,22,4,8,0,0,0,0,0,0,0,0,0,0,0,0,0,1
14770,20,15,0,11,8,0,0,0,0,0,0,0,0,0,0,0,0
14780,13,18,15,6,9,6,0,0,0,0,0,0,0,0,0,0,0
14790,7,13,17,11,9,8,0,0,0,0,0,0,0,0,0,0,0
14800,10,14,15,13,9,11,0,0,0,0,0,0,0,0,0,0,0
14810,7,5,15,11,13,6,0,0,0,0,0,2,0,0,0,0,0
14820,0,7,2,10,10,8,0,0,0,0,0,7,0,0,0,0,0
14830,0,0,0,1,0,12,0,0,0,0,0,8,4,1,3,2,0
14840,0,0,0,0,0,2,0,0,0,0,0,5,0,0,1,4,1
14850,5,0,5,0,0,0,0,0,0,0,0,2,0,0,2,2,1
14860,23,5,14,0,0,0,0,0,0,0,0,0,0,0,1,0,0
14870,17,14,0,10,6,0,0,0,0,0,0,0,0,0,1,0,0
14880,14,20,11,9,11,4,0,0,0,0,0,0,0,0,0,0,0
14890,10,15,18,11,11,10,0,0,0,0,0,0,0,0,0,0,0
14900,12,14,16,15,6,12,0,0,0,0,0,0,0,0,0,0,0
14910,7,9,15,13,11,5,0,0,0,0,0,0,0,0,0,0,0
14920,0,10,6,10,13,11,0,0,0,0,0,8,0,0,0,0,0
14930,0,0,0,2,5,8,0,0,0,0,0,6,3,2,2,1,0
14940,0,0,0,0,0,6,0,0,0,0,0,2,1,0,4,4,1
14950,5,0,0,0,0,0,0,0,0,0,0,0,0,0,0,2,1
14960,20,0,12,0,0,0,0,0,0,0,0,0,1,0,0,0,0
14970,18,17,18,8,6,0,0,0,0,0,0,0,0,0,1,0,0
14980,7,21,12,18,14,6,0,0,0,0,0,0,0,0,0,0,1
14990,9,15,21,12,17,11,0,0,0,0,0,0,0,0,0,0,0
15000,14,8,15,17,12,14,0,0,0,0,0,0,0,0,0,0,0
15010,9,11,13,13,13,15,0,0,0,0,0,0,0,0,0,0,0
15020,0,9,11,11,15,10,0,0,0,0,0,6,0,0,0,0,0
15030,0,2,0,4,7,14,0,0,0,0,0,4,3,1,2,1,0
15040,0,0,0,0,0,10,0,0,0,0,0,1,1,0,7,4,1
15050,5,0,0,0,0,0,0,0,0,0,0,1,0,0,1,4,4
15060,14,0,10,0,0,0,0,0,0,0,0,0,0,0,2,0,0
15070,19,15,11,8,5,0,0,0,0,0,0,0,0,0,1,0,1
15080,9,16,10,8,8,4,0,0,0,0,0,0,0,0,0,0,1
15090,9,16,15,13,11,8,0,0,0,0,0,0,0,0,0,0,0
15100,11,10,14,11,10,10,0,0,0,0,0,0,0,0,0,0,0
15110,6,8,13,10,11,5,0,0,0,0,0,0,0,0,0,0,0
15120,0,8,10,10,11,11,0,0,0,0,0,6,0,0,0,0,0
15130,0,2,1,7,4,10,0,0,0,0,0,4,2,0,2,1,0
15140,0,0,0,0,0,8,0,0,0,0,0,4,1,0,6,4,0
15150,0,0,0,0,0,0,0,0,0,0,0,1,0,0,2,3,4
15160,20,0,5,0,0,0,0,0,0,0,0,0,0,0,2,0,4
15170,19,10,12,3,4,0,0,0,0,0,0,0,0,0,2,0,2
15180,12,18,11,8,10,4,0,0,0,0,0,0,0,0,0,0,0
15190,6,17,16,9,10,10,0,0,0,0,0,0,0,0,0,0,0
15200,9,12,16,12,8,8,0,0,0,0,0,0,0,0,0,0,0
15210,10,8,10,14,8,10,0,0,0,0,0,0,0,0,0,0,0
15220,2,9,10,8,12,2,0,0,0,0,0,6,0,0,0,0,0
15230,0,4,6,8,6,5,0,0,0,0,0,4,2,1,0,0,0
15240,0,0,0,0,0,10,0,0,0,0,0,3,4,0,8,4,0
15250,0,0,0,0,0,0,0,0,0,0,0,0,0,0,5,2,4
15260,19,0,0,0,0,0,0,0,0,0,0,0,0,0,1,0,4
15270,18,8,13,2,4,0,0,0,0,0,0,0,0,0,1,0,0
15280,16,20,3,10,6,3,0,0,0,0,0,0,0,0,0,0,1
15290,10,17,18,7,11,7,0,0,0,0,0,0,0,0,0,0,0
15300,9,15,16,11,8,7,0,0,0,0,0,0,0,0,0,0,0
15310,9,14,14,11,11,7,0,0,0,0,0,0,0,0,0,0,0
15320,2,9,15,10,9,8,0,0,0,0,0,4,0,0,0,0,0
15330,0,4,6,12,7,11,0,0,0,0,0,8,2,1,0,0,0
15340,0,0,0,0,0,5,0,0,0,0,0,1,3,1,7,3,0
15350,0,0,0,0,0,0,0,0,0,0,0,1,0,0,7,5,3
15360,15,0,0,0,0,0,0,0,0,0,0,0,0,0,2,2,1
15370,20,8,10,2,4,0,0,0,0,0,0,0,0,0,3,2,0
15380,13,20,12,10,9,0,0,0,0,0,0,0,0,0,0,0,0
15390,11,18,19,7,12,7,0,0,0,0,0,0,0,0,0,0,0
15400,6,11,16,14,6,7,0,0,0,0,0,0,0,0,0,0,0
15410,11,6,12,15,13,9,0,0,0,0,0,0,0,0,0,0,0
15420,3,10,10,12,10,5,0,0,0,0,0,4,0,0,0,0,0
15430,0,5,14,11,13,9,0,0,0,0,0,8,0,0,0,0,0
15440,0,0,1,1,1,6,0,0,0,0,0,3,0,1,6,3,0
15450,0,0,0,0,0,1,0,0,0,0,0,0,0,0,8,2,3
15460,15,0,0,0,0,0,0,0,0,0,0,0,0,0,2,0,4
15470,21,4,5,0,0,0,0,0,0,0,0,0,0,0,2,0,0
15480,16,19,9,14,13,0,0,0,0,0,0,0,0,0,0,0,0
15490,8,16,15,11,10,12,0,0,0,0,0,0,0,0,0,0,0
15500,6,14,17,9,15,10,0,0,0,0,0,0,0,0,0,0,0
15510,7,4,14,14,10,12,0,0,0,0,0,0,0,0,0,0,0
15520,2,7,9,10,10,11,0,0,0,0,0,3,0,0,0,0,0
15530,0,4,6,4,11,6,0,0,0,0,0,6,1,1,0,0,0
15540,0,0,3,1,1,9,0,0,0,0,0,1,4,0,5,3,0
15550,0,0,0,0,0,4,0,0,0,0,0,4,0,0,3,3,2
15560,11,0,0,0,0,0,0,0,0,0,0,0,0,0,2,1,1
15570,23,3,0,0,0,0,0,0,0,0,0,0,0,0,2,2,0
15580,22,12,10,8,9,0,0,0,0,0,0,0,0,0,0,0,1
15590,14,21,13,9,10,6,0,0,0,0,0,0,0,0,0,0,0
15600,5,17,16,10,8,7,0,0,0,0,0,0,0,0,0,0,0
15610,7,13,18,13,8,8,0,0,0,0,0,0,0,0,0,0,0
15620,6,9,15,12,10,8,0,0,0,0,0,2,0,0,0,0,0
15630,0,6,11,12,9,7,0,0,0,0,0,9,1,1,0,0,0
15640,0,0,7,1,1,9,0,0,0,0,0,4,2,0,4,2,0
15650,0,0,0,0,0,3,0,0,0,0,0,4,0,0,9,4,2
15660,10,0,0,0,0,0,0,0,0,0,0,0,0,0,2,0,3
15670,20,2,0,0,0,0,0,0,0,0,0,0,0,0,1,2,2
15680,11,17,7,10,11,0,0,0,0,0,0,0,0,0,0,0,0
15690,5,17,15,6,11,5,0,0,0,0,0,0,0,0,0,0,1
15700,7,9,15,14,12,11,0,0,0,0,0,0,0,0,0,0,0
15710,5,5,10,11,11,13,0,0,0,0,0,0,0,0,0,0,0
15720,8,7,6,8,12,8,0,0,0,0,0,2,0,0,0,0,0
15730,0,7,7,3,9,9,0,0,0,0,0,8,0,0,0,0,0
15740,0,0,6,3,2,10,0,0,0,0,0,7,4,0,4,2,0
15750,0,0,0,0,0,0,0,0,0,0,0,1,4,0,2,4,2
15760,7,0,0,0,0,0,0,0,0,0,0,2,1,0,0,3,0
15770,21,5,0,0,0,0,0,0,0,0,0,0,1,1,0,2,0
15780,22,17,7,6,9,0,0,0,0,0,0,0,0,0,0,0,0
15790,9,21,15,5,6,4,0,0,0,0,0,0,0,0,0,0,0
15800,9,16,23,14,6,6,0,0,0,0,0,0,0,0,0,0,0
15810,7,12,19,17,9,4,0,0,0,0,0,0,0,0,0,0,0
15820,3,5,15,12,13,7,0,0,0,0,0,2,0,0,0,0,0
15830,0,6,8,12,11,11,0,0,0,0,0,4,0,0,0,0,0
15840,0,0,6,1,4,11,0,0,0,0,0,3,3,2,3,1,0
15850,0,0,0,0,0,5,0,0,0,0,0,2,4,0,3,5,1
15860,5,0,0,0,0,0,0,0,0,0,0,1,1,0,2,3,3
15870,23,3,0,0,0,0,0,0,0,0,0,0,0,0,3,2,0
15880,19,10,4,7,9,0,0,0,0,0,0,0,0,0,0,0,2
15890,11,20,11,4,12,5,0,0,0,0,0,0,0,0,0,0,0
15900,9,18,20,12,7,11,0,0,0,0,0,0,0,0,0,0,0
15910,6,9,21,12,9,9,0,0,0,0,0,0,0,0,0,0,0
15920,4,8,13,19,10,8,0,0,0,0,0,0,0,0,0,0,0
15930,0,5,9,10,14,9,0,0,0,0,0,8,0,0,0,0,0
15940,0,0,5,2,5,11,0,0,0,0,0,9,3,1,2,1,0
15950,0,0,2,0,0,4,0,0,0,0,0,7,2,0,6,2,1
15960,5,0,0,0,0,0,0,0,0,0,0,0,1,0,2,0,4
15970,19,0,0,0,0,0,0,0,0,0,0,0,1,0,0,0,5
15980,14,17,0,6,7,0,0,0,0,0,0,0,0,0,0,1,0
15990,5,22,12,2,5,5,0,0,0,0,0,0,0,0,0,0,0
16000,8,10,24,17,4,9,0,0,0,0,0,0,0,0,0,0,0
16010,3,7,19,16,12,6,0,0,0,0,0,0,0,0,0,0,0
16020,7,5,10,12,18,5,0,0,0,0,0,0,0,0,0,0,0
16030,0,7,5,9,8,10,0,0,0,0,0,7,0,0,0,0,0
16040,0,3,6,3,6,13,0,0,0,0,0,5,2,0,2,1,0
16050,0,0,4,0,0,3,0,0,0,0,0,0,1,1,6,4,1
16060,5,0,0,0,0,0,0,0,0,0,0,3,0,0,0,1,0
16070,17,0,0,0,0,0,0,0,0,0,0,0,0,0,3,1,0
16080,22,11,0,5,6,0,0,0,0,0,0,0,0,0,0,1,0
16090,16,18,8,1,12,4,0,0,0,0,0,0,0,0,0,0,0
16100,11,16,18,10,4,7,0,0,0,0,0,0,0,0,0,0,0
16110,10,16,21,14,8,9,0,0,0,0,0,0,0,0,0,0,0
16120,9,11,13,18,11,5,0,0,0,0,0,0,0,0,0,0,0
16130,1,13,14,11,16,8,0,0,0,0,0,6,0,0,0,0,0
16140,0,1,14,9,7,11,0,0,0,0,0,10,2,0,2,1,0
16150,0,0,5,0,0,10,0,0,0,0,0,6,1,0,4,3,0
16160,0,0,0,0,0,0,0,0,0,0,0,1,1,0,1,2,4
16170,20,0,0,0,0,0,0,0,0,0,0,0,0,0,0,2,1
16180,21,10,0,4,4,0,0,0,0,0,0,0,0,0,2,0,2
16190,3,20,4,10,14,4,0,0,0,0,0,0,0,0,0,0,1
16200,6,13,20,6,13,12,0,0,0,0,0,0,0,0,0,0,0
16210,9,5,14,15,8,11,0,0,0,0,0,0,0,0,0,0,0
16220,11,5,8,13,10,5,0,0,0,0,0,0,0,0,0,0,0
16230,1,10,6,6,11,10,0,0,0,0,0,6,0,0,0,0,0
16240,0,2,8,4,6,12,0,0,0,0,0,4,2,0,0,0,0
16250,0,0,5,0,0,5,0,0,0,0,0,3,4,0,6,3,0
16260,0,0,3,0,0,0,0,0,0,0,0,1,4,1,1,4,1
16270,19,0,0,0,0,0,0,0,0,0,0,0,1,0,2,0,0
16280,13,7,0,4,4,0,0,0,0,0,0,0,0,0,1,0,0
16290,7,15,0,6,7,4,0,0,0,0,0,0,0,0,0,0,0
16300,7,14,20,0,10,10,0,0,0,0,0,0,0,0,0,0,0
16310,10,10,18,18,3,9,0,0,0,0,0,0,0,0,0,0,0
16320,6,8,15,14,12,2,0,0,0,0,0,0,0,0,0,0,0
16330,1,9,12,9,13,9,0,0,0,0,0,4,0,0,0,0,0
16340,0,2,9,7,11,8,0,0,0,0,0,4,2,2,0,0,0
16350,0,0,5,0,0,11,0,0,0,0,0,2,4,1,3,3,0
16360,0,0,6,0,0,0,0,0,0,0,0,2,2,1,0,1,3
16370,15,0,0,0,0,0,0,0,0,0,0,0,1,1,1,0,2
16380,16,6,0,4,4,0,0,0,0,0,0,0,0,0,0,1,0
16390,11,18,0,14,6,0,0,0,0,0,0,0,0,0,0,0,0
16400,10,11,11,0,13,12,0,0,0,0,0,0,0,0,0,0,0
16410,6,12,24,9,3,9,0,0,0,0,0,0,0,0,0,0,0
16420,7,8,16,18,7,10,0,0,0,0,0,0,0,0,0,0,0
16430,2,7,12,10,14,1,0,0,0,0,0,4,0,0,0,0,0
16440,0,2,9,7,10,11,0,0,0,0,0,8,1,1,0,0,0
16450,0,0,9,0,0,9,0,0,0,0,0,3,2,0,4,3,0
16460,0,0,4,0,0,0,0,0,0,0,0,1,0,0,2,1,3
16470,15,0,0,0,0,0,0,0,0,0,0,0,0,0,0,2,0
16480,20,4,0,0,0,0,0,0,0,0,0,0,0,0,0,0,1
16490,12,21,0,16,14,0,0,0,0,0,0,0,0,0,0,0,0
16500,8,17,5,3,13,8,0,0,0,0,0,0,0,0,0,0,0
16510,9,7,24,7,5,10,0,0,0,0,0,0,0,0,0,0,0
16520,6,9,20,16,5,7,0,0,0,0,0,0,0,0,0,0,0
16530,5,6,10,16,14,3,0,0,0,0,0,4,0,0,0,0,0
16540,0,8,6,6,14,9,0,0,0,0,0,7,1,1,0,0,0
16550,0,0,9,1,2,12,0,0,0,0,0,0,2,2,5,3,0
16560,0,0,6,0,0,4,0,0,0,0,0,2,0,0,6,2,2
16570,11,0,1,0,0,0,0,0,0,0,0,0,1,0,2,1,4
16580,24,7,0,0,0,0,0,0,0,0,0,0,0,0,1,1,2
16590,17,18,0,10,11,0,0,0,0,0,0,0,0,0,0,0,0
16600,8,20,0,3,12,10,0,0,0,0,0,0,0,0,0,0,0
16610,10,18,19,4,5,11,0,0,0,0,0,0,0,0,0,0,0
16620,8,8,25,15,4,7,0,0,0,0,0,0,0,0,0,0,0
16630,6,9,21,17,14,2,0,0,0,0,0,2,0,0,0,0,0
16640,0,7,11,16,13,10,0,0,0,0,0,8,1,0,0,0,0
16650,0,0,10,3,2,13,0,0,0,0,0,2,4,0,5,2,0
16660,0,0,3,0,0,2,0,0,0,0,0,2,1,0,4,4,2
16670,10,0,2,0,0,0,0,0,0,0,0,0,0,0,1,1,2
16680,20,4,0,0,0,0,0,0,0,0,0,0,0,0,4,0,0
16690,20,18,0,12,12,0,0,0,0,0,0,0,0,0,0,0,0
16700,10,19,0,6,14,7,0,0,0,0,0,0,0,0,0,0,0
16710,7,19,15,0,12,12,0,0,0,0,0,0,0,0,0,0,0
16720,8,11,22,14,2,14,0,0,0,0,0,0,0,0,0,0,0
16730,4,8,22,19,13,2,0,0,0,0,0,2,0,0,0,0,0
16740,0,3,18,18,18,3,0,0,0,0,0,7,0,0,0,0,0
16750,0,0,7,4,5,16,0,0,0,0,0,2,4,2,4,2,0
16760,0,0,5,0,0,6,0,0,0,0,0,1,4,1,2,3,1
16770,10,0,4,0,0,0,0,0,0,0,0,0,1,0,1,1,3
16780,20,5,0,0,0,0,0,0,0,0,0,0,0,0,2,0,1
16790,20,16,0,11,10,0,0,0,0,0,0,0,0,0,0,0,0
16800,8,19,0,4,14,7,0,0,0,0,0,0,0,0,0,0,0
16810,7,15,10,0,14,14,0,0,0,0,0,0,0,0,0,0,0
16820,5,9,20,8,0,16,0,0,0,0,0,0,0,0,0,0,0
16830,6,7,24,17,8,4,0,0,0,0,0,2,0,0,0,0,0
16840,0,5,21,19,11,4,0,0,0,0,0,7,0,0,0,0,0
16850,0,0,14,6,6,8,0,0,0,0,0,4,2,0,4,2,0
16860,0,0,9,0,0,7,0,0,0,0,0,1,2,0,7,3,1
16870,5,0,10,0,0,0,0,0,0,0,0,1,0,0,2,1,4
16880,21,0,2,0,0,0,0,0,0,0,0,0,1,0,0,0,5
16890,14,14,0,10,9,0,0,0,0,0,0,0,0,0,0,0,1
16900,3,18,0,17,10,7,0,0,0,0,0,0,0,0,0,0,0
16910,3,6,5,11,15,9,0,0,0,0,0,0,0,0,0,0,0
16920,6,3,9,4,15,11,0,0,0,0,0,0,0,0,0,0,0
16930,3,4,14,13,8,13,0,0,0,0,0,0,0,0,0,0,0
16940,0,7,16,9,11,8,0,0,0,0,0,8,0,0,0,0,0
16950,0,0,7,7,2,5,0,0,0,0,0,3,3,0,2,1,0
16960,0,0,5,0,0,9,0,0,0,0,0,2,3,1,7,4,1
16970,5,0,5,0,0,0,0,0,0,0,0,2,1,0,0,5,3
16980,20,0,5,0,0,0,0,0,0,0,0,0,1,0,2,0,0
16990,15,12,0,8,8,0,0,0,0,0,0,0,0,0,0,0,0
17000,5,17,0,13,6,3,0,0,0,0,0,0,0,0,0,0,0
17010,8,10,0,2,16,9,0,0,0,0,0,0,0,0,0,0,0
17020,9,3,14,1,4,6,0,0,0,0,0,0,0,0,0,0,0
17030,8,11,10,10,2,10,0,0,0,0,0,0,0,0,0,0,0
17040,0,6,14,10,9,0,0,0,0,0,0,8,0,0,0,0,0
17050,0,1,11,10,4,6,0,0,0,0,0,6,3,1,2,1,0
17060,0,0,9,0,0,6,0,0,0,0,0,2,4,0,7,2,1
17070,5,0,9,0,0,0,0,0,0,0,0,2,3,0,9,3,2
17080,17,0,9,0,0,0,0,0,0,0,0,0,0,0,1,0,0
17090,13,14,0,6,6,0,0,0,0,0,0,0,0,0,0,0,1
17100,5,22,0,18,12,3,0,0,0,0,0,0,0,0,0,0,0
17110,9,6,0,4,11,11,0,0,0,0,0,0,0,0,0,0,0
17120,4,7,9,0,12,5,0,0,0,0,0,0,0,0,0,0,0
17130,3,6,12,9,2,15,0,0,0,0,0,0,0,0,0,0,0
17140,0,1,13,13,8,3,0,0,0,0,0,6,0,0,0,0,0
17150,0,2,14,8,8,3,0,0,0,0,0,6,2,0,2,1,0
17160,0,0,11,0,0,8,0,0,0,0,0,2,4,0,6,3,0
17170,0,0,9,0,0,0,0,0,0,0,0,1,2,0,1,6,2
17180,19,0,5,0,0,0,0,0,0,0,0,0,0,0,1,1,0
17190,22,12,0,4,4,0,0,0,0,0,0,0,0,0,1,1,1
17200,15,19,0,17,9,4,0,0,0,0,0,0,0,0,0,0,0
17210,6,19,0,10,18,8,0,0,0,0,0,0,0,0,0,0,0
17220,9,8,5,0,13,12,0,0,0,0,0,0,0,0,0,0,0
17230,8,8,9,3,1,13,0,0,0,0,0,0,0,0,0,0,0
17240,3,7,16,9,2,4,0,0,0,0,0,6,0,0,0,0,0
17250,0,1,14,12,7,2,0,0,0,0,0,4,2,0,0,0,0
17260,0,0,17,0,0,3,0,0,0,0,0,2,3,0,8,4,0
17270,0,0,9,0,0,0,0,0,0,0,0,1,0,0,2,3,2
17280,18,0,11,0,0,0,0,0,0,0,0,0,1,0,2,0,0
17290,19,12,1,4,4,0,0,0,0,0,0,0,0,0,0,1,1
17300,8,24,0,14,13,3,0,0,0,0,0,0,0,0,0,0,1
17310,3,16,0,20,14,7,0,0,0,0,0,0,0,0,0,0,0
17320,6,5,0,2,18,13,0,0,0,0,0,0,0,0,0,0,0
17330,12,2,14,2,6,15,0,0,0,0,0,0,0,0,0,0,0
17340,4,14,12,13,2,11,0,0,0,0,0,4,0,0,0,0,0
17350,0,6,16,9,8,1,0,0,0,0,0,9,1,0,0,0,0
17360,0,0,16,0,0,5,0,0,0,0,0,1,3,0,8,3,0
17370,0,0,10,0,0,0,0,0,0,0,0,3,0,0,0,5,3
17380,15,0,5,0,0,0,0,0,0,0,0,0,1,0,1,4,1
17390,11,9,3,4,4,0,0,0,0,0,0,0,0,0,0,1,0
17400,6,18,0,14,12,0,0,0,0,0,0,0,0,0,0,0,0
17410,7,8,0,14,14,10,0,0,0,0,0,0,0,0,0,0,0
17420,8,3,0,3,15,12,0,0,0,0,0,0,0,0,0,0,0
17430,2,7,8,0,4,15,0,0,0,0,0,0,0,0,0,0,0
17440,1,5,6,7,1,8,0,0,0,0,0,4,0,0,0,0,0
17450,0,2,15,6,6,1,0,0,0,0,0,7,1,0,0,0,0
17460,0,0,7,0,0,4,0,0,0,0,0,3,4,1,3,3,0
17470,0,0,2,0,0,0,0,0,0,0,0,3,2,0,0,1,2
17480,15,0,3,0,0,0,0,0,0,0,0,0,1,0,1,1,1
17490,20,7,1,0,0,0,0,0,0,0,0,0,0,0,1,0,1
17500,11,20,0,15,12,0,0,0,0,0,0,0,0,0,0,0,0
17510,8,16,0,4,11,9,0,0,0,0,0,0,0,0,0,0,0
17520,5,13,0,0,7,10,0,0,0,0,0,0,0,0,0,0,0
17530,5,5,5,1,0,11,0,0,0,0,0,0,0,0,0,0,0
17540,6,5,18,6,1,3,0,0,0,0,0,3,0,0,0,0,0
17550,0,6,23,16,6,1,0,0,0,0,0,9,1,1,0,0,0
17560,0,0,20,3,1,2,0,0,0,0,0,7,3,1,5,1,0
17570,0,0,10,0,0,1,0,0,0,0,0,0,0,1,7,0,2
17580,11,0,1,0,0,0,0,0,0,0,0,0,1,0,1,0,5
17590,18,6,1,0,0,0,0,0,0,0,0,0,0,0,0,0,3
17600,10,18,0,15,14,0,0,0,0,0,0,0,0,0,0,0,0
17610,6,14,0,19,14,7,0,0,0,0,0,0,0,0,0,0,0
17620,2,10,0,8,16,12,0,0,0,0,0,0,0,0,0,0,0
17630,7,7,0,0,14,13,0,0,0,0,0,0,0,0,0,0,0
17640,1,7,19,3,2,10,0,0,0,0,0,2,0,0,0,0,0
17650,0,1,23,17,3,7,0,0,0,0,0,8,1,0,0,0,0
17660,0,0,17,4,5,0,0,0,0,0,0,8,2,0,4,2,0
17670,0,0,3,0,0,2,0,0,0,0,0,6,1,1,3,5,2
17680,10,0,1,0,0,0,0,0,0,0,0,0,0,0,0,1,3
17690,20,4,1,0,0,0,0,0,0,0,0,0,1,0,0,0,0
17700,16,14,1,12,11,0,0,0,0,0,0,0,0,0,0,0,0
17710,12,21,0,19,13,10,0,0,0,0,0,0,0,0,0,0,0
17720,9,15,0,3,19,11,0,0,0,0,0,0,0,0,0,0,0
17730,7,13,0,0,6,12,0,0,0,0,0,0,0,0,0,0,0
17740,4,6,13,0,0,15,0,0,0,0,0,2,0,0,0,0,0
17750,0,4,21,11,0,0,0,0,0,0,0,8,0,0,0,0,0
17760,0,0,22,5,2,0,0,0,0,0,0,3,4,0,4,2,0
17770,0,0,16,0,0,0,0,0,0,0,0,1,0,1,4,2,2
17780,8,0,9,0,0,0,0,0,0,0,0,0,0,0,0,0,3
17790,19,5,0,0,0,0,0,0,0,0,0,0,0,0,1,1,0
17800,8,14,2,11,10,0,0,0,0,0,0,0,0,0,0,0,1
17810,5,14,0,17,16,6,0,0,0,0,0,0,0,0,0,0,0
17820,5,7,0,20,17,15,0,0,0,0,0,0,0,0,0,0,0
17830,9,5,0,8,18,12,0,0,0,0,0,0,0,0,0,0,0
17840,2,5,9,1,13,15,0,0,0,0,0,2,0,0,0,0,0
17850,0,5,17,7,2,16,0,0,0,0,0,5,0,0,0,0,0
17860,0,0,20,7,1,8,0,0,0,0,0,2,4,2,2,2,0
17870,0,0,10,0,0,0,0,0,0,0,0,0,2,1,2,0,1
17880,5,0,4,0,0,0,0,0,0,0,0,2,0,0,1,0,1
17890,21,3,1,0,0,0,0,0,0,0,0,0,0,0,4,1,0
17900,7,11,0,9,7,0,0,0,0,0,0,0,0,0,0,0,0
17910,8,16,0,18,14,2,0,0,0,0,0,0,0,0,0,0,0
17920,6,8,0,15,19,11,0,0,0,0,0,0,0,0,0,0,0
17930,3,5,0,1,17,14,0,0,0,0,0,0,0,0,0,0,0
17940,7,4,5,2,3,16,0,0,0,0,0,0,0,0,0,0,0
17950,0,6,18,5,1,10,0,0,0,0,0,8,0,0,0,0,0
17960,0,1,22,8,0,2,0,0,0,0,0,8,2,2,1,1,0
17970,0,0,10,0,0,0,0,0,0,0,0,4,1,0,2,4,1
17980,5,0,3,0,0,0,0,0,0,0,0,2,0,2,1,3,2
17990,20,0,3,0,0,0,0,0,0,0,0,0,0,0,0,0,1
18000,10,16,0,8,7,0,0,0,0,0,0,0,0,0,0,0,1
18010,4,19,1,17,10,0,0,0,0,0,0,0,0,0,0,0,0
18020,5,7,0,13,18,9,0,0,0,0,0,0,0,0,0,0,0
18030,6,5,0,0,12,12,0,0,0,0,0,0,0,0,0,0,0
18040,9,6,0,0,3,13,0,0,0,0,0,0,0,0,0,0,0
18050,0,10,14,0,1,8,0,0,0,0,0,7,0,0,0,0,0
18060,0,1,26,9,0,2,0,0,0,0,0,5,3,2,2,1,0
18070,0,0,21,0,0,0,0,0,0,0,0,2,2,1,5,4,1
18080,5,0,10,0,0,0,0,0,0,0,0,1,2,1,2,4,4
18090,15,0,3,0,0,0,0,0,0,0,0,0,0,0,0,0,3
18100,24,12,2,6,6,0,0,0,0,0,0,0,0,0,0,1,0
18110,11,20,2,16,9,1,0,0,0,0,0,0,0,0,0,0,0
18120,12,17,0,22,14,9,0,0,0,0,0,0,0,0,0,0,0
18130,8,13,0,9,18,10,0,0,0,0,0,0,0,0,0,0,0
18140,12,7,0,0,9,12,0,0,0,0,0,0,0,0,0,0,0
18150,2,9,10,0,2,13,0,0,0,0,0,6,0,0,0,0,0
18160,0,3,23,6,0,5,0,0,0,0,0,5,0,1,0,1,0
18170,0,0,19,0,0,0,0,0,0,0,0,1,0,0,1,3,0
18180,0,0,15,0,0,0,0,0,0,0,0,1,1,0,3,0,4
18190,20,0,1,0,0,0,0,0,0,0,0,0,1,0,1,2,2
18200,20,14,1,4,4,0,0,0,0,0,0,0,0,0,1,0,1
18210,14,21,3,16,10,0,0,0,0,0,0,0,0,0,0,0,0
18220,8,18,0,17,17,6,0,0,0,0,0,0,0,0,0,0,0
18230,8,12,0,15,14,12,0,0,0,0,0,0,0,0,0,0,0
18240,12,7,0,0,16,14,0,0,0,0,0,0,0,0,0,0,0
18250,2,6,5,0,1,12,0,0,0,0,0,6,0,0,0,0,0
18260,0,1,19,3,0,8,0,0,0,0,0,4,0,0,0,0,0
18270,0,0,22,0,0,1,0,0,0,0,0,0,0,0,3,4,0
18280,0,0,18,0,0,0,0,0,0,0,0,0,4,0,0,2,4
18290,19,0,3,0,0,0,0,0,0,0,0,0,1,0,1,1,0
18300,22,14,3,4,4,0,0,0,0,0,0,0,0,0,0,1,0
18310,23,22,1,15,2,2,0,0,0,0,0,0,0,0,0,0,0
18320,11,20,2,20,10,4,0,0,0,0,0,0,0,0,0,0,0
18330,8,10,0,15,18,3,0,0,0,0,0,0,0,0,0,0,0
18340,8,5,0,0,16,14,0,0,0,0,0,0,0,0,0,0,0
18350,2,2,0,0,1,15,0,0,0,0,0,4,0,0,0,0,0
18360,0,1,19,0,0,8,0,0,0,0,0,10,0,0,0,0,0
18370,0,0,22,0,0,0,0,0,0,0,0,2,0,0,7,4,0
18380,0,0,23,0,0,0,0,0,0,0,0,2,3,0,4,3,3
18390,15,0,10,0,0,0,0,0,0,0,0,0,4,0,0,1,4
18400,24,10,2,4,3,0,0,0,0,0,0,0,1,0,1,0,0
18410,5,24,4,13,7,0,0,0,0,0,0,0,0,0,0,0,0
18420,9,23,3,20,13,8,0,0,0,0,0,0,0,0,0,0,0
18430,6,4,0,19,19,12,0,0,0,0,0,0,0,0,0,0,0
18440,7,6,0,1,18,13,0,0,0,0,0,0,0,0,0,0,0
18450,2,2,0,0,5,17,0,0,0,0,0,4,0,0,0,0,0
18460,0,0,10,0,0,11,0,0,0,0,0,5,0,1,0,0,0
18470,0,0,21,0,0,2,0,0,0,0,0,0,0,0,5,3,0
18480,0,0,25,0,0,0,0,0,0,0,0,0,2,0,0,3,2
18490,15,0,9,0,0,0,0,0,0,0,0,0,3,0,1,2,0
18500,22,8,1,0,0,0,0,0,0,0,0,0,0,0,0,0,1
18510,15,17,3,15,4,0,0,0,0,0,0,0,0,0,0,0,1
18520,5,20,5,19,10,3,0,0,0,0,0,0,0,0,0,0,0
18530,9,8,0,18,14,8,0,0,0,0,0,0,0,0,0,0,0
18540,8,5,0,7,17,9,0,0,0,0,0,0,0,0,0,0,0
18550,2,3,0,1,10,13,0,0,0,0,0,3,0,0,0,0,0
18560,0,1,5,0,1,10,0,0,0,0,0,6,0,0,0,0,0
18570,0,0,21,0,0,5,0,0,0,0,0,0,0,0,3,3,0
18580,0,0,22,0,0,0,0,0,0,0,0,3,1,0,0,1,2
18590,10,0,13,0,0,0,0,0,0,0,0,1,3,1,0,2,5
18600,23,10,2,0,0,0,0,0,0,0,0,0,2,0,0,1,4
18610,19,18,3,13,2,0,0,0,0,0,0,0,0,0,0,0,1
18620,9,19,6,18,8,5,0,0,0,0,0,0,0,0,0,0,0
18630,9,9,4,18,17,4,0,0,0,0,0,0,0,0,0,0,0
18640,8,10,0,10,17,10,0,0,0,0,0,0,0,0,0,0,0
18650,4,5,0,0,12,14,0,0,0,0,0,2,0,0,0,0,0
18660,0,4,0,0,1,14,0,0,0,0,0,8,0,1,0,0,0
18670,0,0,20,0,0,5,0,0,0,0,0,1,0,3,4,2,0
18680,0,0,21,0,0,0,0,0,0,0,0,1,0,0,4,1,1
18690,9,0,23,0,0,0,0,0,0,0,0,0,3,0,1,0,0
18700,20,5,6,0,0,0,0,0,0,0,0,0,2,0,1,0,0
18710,21,18,2,11,6,0,0,0,0,0,0,0,0,0,0,0,0
18720,16,20,7,18,8,4,0,0,0,0,0,0,0,0,0,0,0
18730,9,7,7,20,15,5,0,0,0,0,0,0,0,0,0,0,0
18740,8,3,0,14,19,12,0,0,0,0,0,0,0,0,0,0,0
18750,6,10,0,0,12,14,0,0,0,0,0,2,0,0,0,0,0
18760,0,3,0,0,4,15,0,0,0,0,0,5,0,0,0,0,0
18770,0,0,14,1,1,8,0,0,0,0,0,3,0,4,4,2,0
18780,0,0,22,0,0,2,0,0,0,0,0,2,0,1,8,3,2
18790,8,0,16,0,0,0,0,0,0,0,0,0,2,0,1,2,4
18800,18,5,8,0,0,0,0,0,0,0,0,0,2,0,3,2,1
18810,11,19,2,12,7,0,0,0,0,0,0,0,0,0,0,0,0
18820,3,17,4,15,7,4,0,0,0,0,0,0,0,0,0,0,1
18830,17,8,14,21,14,7,0,0,0,0,0,0,0,0,0,0,0
18840,8,7,0,18,16,11,0,0,0,0,0,0,0,0,0,0,0
18850,10,13,0,2,17,9,0,0,0,0,0,2,0,0,0,0,0
18860,0,6,0,0,5,15,0,0,0,0,0,6,0,0,0,0,0
18870,0,0,8,0,0,14,0,0,0,0,0,5,0,0,4,2,0
18880,0,0,21,0,0,2,0,0,0,0,0,1,0,0,0,4,1
18890,5,0,19,0,0,0,0,0,0,0,0,0,1,1,1,2,3
18900,21,4,19,0,0,0,0,0,0,0,0,0,2,0,0,1,0
18910,13,16,4,8,2,0,0,0,0,0,0,0,0,0,0,0,1
18920,0,22,5,17,4,1,0,0,0,0,0,0,0,0,0,0,0
18930,13,13,15,18,12,5,0,0,0,0,0,0,0,0,0,0,0
18940,13,6,4,19,13,8,0,0,0,0,0,0,0,0,0,0,0
18950,4,9,0,10,18,9,0,0,0,0,0,0,0,0,0,0,0
18960,0,6,0,2,12,9,0,0,0,0,0,8,0,0,0,0,0
18970,0,1,5,1,3,16,0,0,0,0,0,4,0,1,2,1,0
18980,0,0,17,0,0,3,0,0,0,0,0,1,0,0,9,1,1
18990,5,0,19,0,0,0,0,0,0,0,0,0,0,0,2,0,4
19000,17,0,14,0,0,0,0,0,0,0,0,0,3,0,1,0,3
19010,17,18,7,8,6,0,0,0,0,0,0,0,0,0,0,1,2
19020,7,16,5,15,8,3,0,0,0,0,0,0,0,0,0,0,0
19030,7,16,16,20,15,9,0,0,0,0,0,0,0,0,0,0,0
19040,10,13,10,16,14,11,0,0,0,0,0,0,0,0,0,0,0
19050,7,13,0,14,18,9,0,0,0,0,0,0,0,0,0,0,0
19060,0,13,0,0,11,10,0,0,0,0,0,6,0,0,0,0,0
19070,0,0,0,0,4,14,0,0,0,0,0,4,0,1,2,1,0
19080,0,0,15,0,0,5,0,0,0,0,0,1,0,0,8,4,1
19090,5,0,20,0,0,0,0,0,0,0,0,1,0,0,2,3,4
19100,17,0,21,0,0,0,0,0,0,0,0,0,2,0,1,0,3
19110,20,16,7,5,5,0,0,0,0,0,0,0,0,0,0,1,0
19120,12,20,1,17,6,1,0,0,0,0,0,0,0,0,0,0,0
19130,7,19,15,19,17,7,0,0,0,0,0,0,0,0,0,0,0
19140,5,12,14,21,14,8,0,0,0,0,0,0,0,0,0,0,0
19150,5,11,0,16,18,15,0,0,0,0,0,0,0,0,0,0,0
19160,0,14,0,1,17,14,0,0,0,0,0,6,0,0,0,0,0
19170,0,0,0,0,4,14,0,0,0,0,0,8,0,2,2,1,0
19180,0,0,10,0,0,12,0,0,0,0,0,1,0,0,4,2,0
19190,0,0,18,0,0,0,0,0,0,0,0,0,0,0,2,1,4
19200,19,0,21,0,0,0,0,0,0,0,0,0,1,0,2,0,1
19210,20,14,13,4,3,0,0,0,0,0,0,0,0,0,0,0,0
19220,10,19,2,17,5,3,0,0,0,0,0,0,0,0,0,0,1
19230,6,21,12,16,11,5,0,0,0,0,0,0,0,0,0,0,0
19240,7,6,18,18,15,7,0,0,0,0,0,0,0,0,0,0,0
19250,7,9,2,16,15,12,0,0,0,0,0,0,0,0,0,0,0
19260,1,9,0,7,14,11,0,0,0,0,0,6,0,0,0,0,0
19270,0,3,0,0,7,15,0,0,0,0,0,3,1,1,0,0,0
19280,0,0,5,0,0,8,0,0,0,0,0,0,3,0,5,4,0
19290,0,0,19,0,0,0,0,0,0,0,0,0,1,0,0,3,3
19300,18,0,22,0,0,0,0,0,0,0,0,0,1,0,2,0,1
19310,20,7,17,4,4,0,0,0,0,0,0,0,0,0,0,1,1
19320,14,19,4,15,5,4,0,0,0,0,0,0,0,0,0,0,0
19330,7,17,12,18,13,6,0,0,0,0,0,0,0,0,0,0,0
19340,5,10,21,21,18,8,0,0,0,0,0,0,0,0,0,0,0
19350,5,7,6,16,18,12,0,0,0,0,0,0,0,0,0,0,0
19360,2,5,0,11,16,15,0,0,0,0,0,4,0,0,0,0,0
19370,0,2,0,0,12,14,0,0,0,0,0,8,1,0,0,0,0
19380,0,0,0,0,0,10,0,0,0,0,0,2,4,0,8,3,0
19390,0,0,16,0,0,0,0,0,0,0,0,0,4,1,3,2,3
19400,15,0,19,0,0,0,0,0,0,0,0,0,5,0,4,0,0
19410,22,7,17,4,4,0,0,0,0,0,0,0,1,0,1,0,0
19420,2,22,9,14,9,0,0,0,0,0,0,0,0,0,0,0,0
19430,4,15,7,19,14,6,0,0,0,0,0,0,0,0,0,0,0
19440,11,1,21,20,18,10,0,0,0,0,0,0,0,0,0,0,0
19450,13,10,9,16,16,16,0,0,0,0,0,0,0,0,0,0,0
19460,1,12,0,10,14,15,0,0,0,0,0,4,0,0,0,0,0
19470,0,5,0,1,10,12,0,0,0,0,0,8,1,1,0,0,0
19480,0,0,0,0,0,12,0,0,0,0,0,4,4,0,6,4,0
19490,0,0,11,0,0,0,0,0,0,0,0,3,5,0,0,4,2
19500,15,0,19,0,0,0,0,0,0,0,0,0,2,0,1,1,3
19510,22,5,11,0,0,0,0,0,0,0,0,0,0,0,1,0,0
19520,9,17,0,15,7,0,0,0,0,0,0,0,0,0,0,0,0
19530,10,17,14,17,11,6,0,0,0,0,0,0,0,0,0,0,0
19540,7,11,17,15,12,7,0,0,0,0,0,0,0,0,0,0,0
19550,2,8,15,14,15,15,0,0,0,0,0,0,0,0,0,0,0
19560,3,3,0,13,10,8,0,0,0,0,0,4,0,0,0,0,0
19570,0,2,0,0,9,9,0,0,0,0,0,8,1,0,0,0,0
19580,0,0,0,0,0,9,0,0,0,0,0,6,4,1,5,3,0
19590,0,0,5,0,0,2,0,0,0,0,0,1,0,0,2,4,2
19600,11,0,17,0,0,0,0,0,0,0,0,0,1,0,2,1,0
19610,16,3,1,0,0,0,0,0,0,0,0,0,0,0,0,2,0
19620,3,15,0,15,8,0,0,0,0,0,0,0,0,0,0,0,1
19630,8,8,12,5,10,6,0,0,0,0,0,0,0,0,0,0,0
19640,3,8,11,8,8,7,0,0,0,0,0,0,0,0,0,0,0
19650,7,5,5,7,8,10,0,0,0,0,0,0,0,0,0,0,0
19660,7,4,3,4,4,4,0,0,0,0,0,2,0,0,0,0,0
19670,0,7,0,0,5,3,0,0,0,0,0,8,1,0,0,0,0
19680,0,0,0,0,0,6,0,0,0,0,0,1,0,0,4,2,0
19690,0,0,0,0,0,1,0,0,0,0,0,1,0,0,3,5,2
19700,10,0,17,0,0,0,0,0,0,0,0,0,0,0,3,2,1
19710,23,4,2,0,0,0,0,0,0,0,0,0,0,1,2,2,1
19720,8,18,1,10,8,0,0,0,0,0,0,0,0,0,0,0,1
19730,9,13,15,8,11,3,0,0,0,0,0,0,0,0,0,0,0
19740,8,7,16,14,7,9,0,0,0,0,0,0,0,0,0,0,0
19750,9,9,8,14,12,9,0,0,0,0,0,0,0,0,0,0,0
19760,4,6,7,5,12,6,0,0,0,0,0,2,0,0,0,0,0
19770,0,7,0,3,5,11,0,0,0,0,0,8,0,0,0,0,0
19780,0,0,0,0,2,6,0,0,0,0,0,2,4,1,4,2,0
19790,0,0,0,0,0,2,0,0,0,0,0,1,3,0,4,4,2
19800,10,0,12,0,0,0,0,0,0,0,0,2,0,0,1,0,3
19810,20,4,15,0,0,0,0,0,0,0,0,0,1,0,2,0,0
19820,12,15,1,12,9,0,0,0,0,0,0,0,0,0,0,0,0
19830,10,17,12,12,8,4,0,0,0,0,0,0,0,0,0,0,0
19840,5,13,17,13,8,5,0,0,0,0,0,0,0,0,0,0,0
19850,6,7,17,14,12,7,0,0,0,0,0,0,0,0,0,0,0
19860,3,7,8,12,14,6,0,0,0,0,0,2,0,0,0,0,0
19870,0,5,0,6,10,13,0,0,0,0,0,7,0,0,0,0,0
19880,0,0,0,0,3,10,0,0,0,0,0,7,4,0,3,2,0
19890,0,0,0,0,0,5,0,0,0,0,0,1,3,0,0,4,1
19900,5,0,7,0,0,0,0,0,0,0,0,0,0,0,1,0,4
19910,23,4,9,0,0,0,0,0,0,0,0,0,0,0,3,1,0
19920,18,13,6,8,6,0,0,0,0,0,0,0,0,0,0,0,0
19930,10,20,15,7,6,3,0,0,0,0,0,0,0,0,0,0,1
19940,9,14,20,13,10,6,0,0,0,0,0,0,0,0,0,0,0
19950,6,11,13,17,11,11,0,0,0,0,0,0,0,0,0,0,0
19960,7,6,14,11,14,7,0,0,0,0,0,0,0,0,0,0,0
19970,0,7,3,10,7,13,0,0,0,0,0,8,0,0,0,0,0
19980,0,0,0,0,4,6,0,0,0,0,0,6,2,1,2,1,0
19990,0,0,0,0,0,2,0,0,0,0,0,4,1,0,2,5,0
20000,5,0,5,0,0,0,0,0,0,0,0,2,0,0,2,0,0
20010,20,0,10,0,0,0,0,0,0,0,0,0,0,0,0,0,0
20020,17,17,1,8,5,0,0,0,0,0,0,0,0,0,0,1,1
20030,11,20,11,4,9,3,0,0,0,0,0,0,0,0,0,0,1
20040,7,12,20,11,8,7,0,0,0,0,0,0,0,0,0,0,0
20050,5,8,18,15,12,8,0,0,0,0,0,0,0,0,0,0,0
20060,5,8,8,10,12,6,0,0,0,0,0,0,0,0,0,0,0
20070,0,4,4,6,9,8,0,0,0,0,0,7,0,0,0,0,0
20080,0,2,0,2,5,11,0,0,0,0,0,8,3,2,2,1,0
20090,0,0,0,0,0,3,0,0,0,0,0,3,4,0,7,4,1
20100,4,0,0,0,0,0,0,0,0,0,0,3,1,0,2,1,2
20110,17,0,13,0,0,0,0,0,0,0,0,0,0,0,1,0,0
20120,20,14,4,7,5,0,0,0,0,0,0,0,0,0,0,0,0
20130,7,22,13,4,9,4,0,0,0,0,0,0,0,0,0,0,0
20140,9,10,20,12,7,10,0,0,0,0,0,0,0,0,0,0,0
20150,5,9,18,14,8,7,0,0,0,0,0,0,0,0,0,0,0
20160,7,5,9,11,12,5,0,0,0,0,0,0,0,0,0,0,0
20170,0,7,5,5,9,8,0,0,0,0,0,6,0,0,0,0,0
20180,0,2,0,3,4,10,0,0,0,0,0,9,2,0,2,1,0
20190,0,0,0,0,0,1,0,0,0,0,0,2,4,1,5,3,0
20200,0,0,0,0,0,0,0,0,0,0,0,1,0,0,0,3,1
20210,19,0,10,0,0,0,0,0,0,0,0,0,0,1,1,1,0
20220,9,12,14,4,4,0,0,0,0,0,0,0,0,0,0,1,0
20230,4,14,7,12,12,4,0,0,0,0,0,0,0,0,0,0,0
20240,5,8,14,12,10,8,0,0,0,0,0,0,0,0,0,0,0
20250,6,2,13,12,13,9,0,0,0,0,0,0,0,0,0,0,0
20260,5,7,3,6,10,10,0,0,0,0,0,0,0,0,0,0,0
20270,1,4,7,4,5,9,0,0,0,0,0,6,0,0,0,0,0
20280,0,1,0,5,4,10,0,0,0,0,0,5,2,0,0,0,0
20290,0,0,0,0,0,3,0,0,0,0,0,2,3,0,7,2,0
20300,0,0,0,0,0,0,0,0,0,0,0,0,1,0,0,1,3
20310,18,0,5,0,0,0,0,0,0,0,0,0,1,0,1,0,2
20320,21,7,7,2,4,0,0,0,0,0,0,0,0,0,0,1,1
20330,1,20,7,7,8,3,0,0,0,0,0,0,0,0,0,0,0
20340,10,12,15,6,7,5,0,0,0,0,0,0,0,0,0,0,0
20350,3,12,10,16,5,9,0,0,0,0,0,0,0,0,0,0,0
20360,6,3,15,7,14,5,0,0,0,0,0,0,0,0,0,0,0
20370,2,4,5,10,9,4,0,0,0,0,0,4,0,0,0,0,0
20380,0,5,1,2,10,13,0,0,0,0,0,8,2,0,0,0,0
20390,0,0,0,0,0,7,0,0,0,0,0,4,2,1,7,3,0
20400,0,0,0,0,0,0,0,0,0,0,0,0,0,1,0,0,3
20410,15,0,0,0,0,0,0,0,0,0,0,0,1,0,1,0,1
20420,18,10,15,0,4,0,0,0,0,0,0,0,0,0,1,0,1
20430,8,22,9,13,3,0,0,0,0,0,0,0,0,0,0,0,0
20440,5,14,21,8,11,9,0,0,0,0,0,0,0,0,0,0,0
20450,4,4,15,17,9,10,0,0,0,0,0,0,0,0,0,0,0
20460,11,6,7,12,11,6,0,0,0,0,0,0,0,0,0,0,0
20470,4,8,12,8,8,7,0,0,0,0,0,4,0,0,0,0,0
20480,0,4,5,10,8,12,0,0,0,0,0,8,1,0,0,0,0
20490,0,0,0,2,0,3,0,0,0,0,0,2,4,0,5,1,0
20500,0,0,0,0,0,1,0,0,0,0,0,3,3,0,1,1,3
20510,14,0,0,0,0,0,0,0,0,0,0,0,1,0,0,1,2
20520,10,10,9,0,0,0,0,0,0,0,0,0,0,0,1,0,0
20530,9,18,20,12,14,0,0,0,0,0,0,0,0,0,0,0,1
20540,7,14,13,13,11,8,0,0,0,0,0,0,0,0,0,0,0
20550,7,8,13,13,11,11,0,0,0,0,0,0,0,0,0,0,0
20560,9,10,13,11,12,13,0,0,0,0,0,0,0,0,0,0,0
20570,1,5,7,10,9,8,0,0,0,0,0,2,0,0,0,0,0
20580,0,4,9,7,10,6,0,0,0,0,0,10,1,0,0,0,0
20590,0,0,1,3,3,10,0,0,0,0,0,8,3,0,5,2,0
20600,0,0,0,0,0,2,0,0,0,0,0,1,1,0,4,1,2
20610,10,0,0,0,0,0,0,0,0,0,0,0,2,1,1,2,1
20620,21,5,4,0,0,0,0,0,0,0,0,0,0,0,1,0,0
20630,12,20,17,9,13,0,0,0,0,0,0,0,0,0,0,0,0
20640,5,18,18,15,13,8,0,0,0,0,0,0,0,0,0,0,1
20650,7,7,12,14,13,12,0,0,0,0,0,0,0,0,0,0,0
20660,8,4,14,13,11,9,0,0,0,0,0,0,0,0,0,0,0
20670,0,5,5,12,13,10,0,0,0,0,0,2,0,0,0,0,0
20680,0,2,8,5,10,6,0,0,0,0,0,9,0,1,0,0,0
20690,0,0,1,0,0,9,0,0,0,0,0,6,4,0,4,2,0
20700,0,0,0,0,0,2,0,0,0,0,0,1,3,0,4,4,0
20710,10,0,0,0,0,0,0,0,0,0,0,0,1,0,3,0,2
20720,22,5,0,0,0,0,0,0,0,0,0,0,0,0,0,2,0
20730,10,16,15,5,8,0,0,0,0,0,0,0,0,0,0,0,2
20740,6,16,17,13,5,6,0,0,0,0,0,0,0,0,0,0,0
20750,4,7,11,12,9,6,0,0,0,0,0,0,0,0,0,0,0
20760,6,5,9,10,10,8,0,0,0,0,0,0,0,0,0,0,0
20770,5,4,8,7,8,8,0,0,0,0,0,2,0,0,0,0,0
20780,0,6,8,8,6,7,0,0,0,0,0,8,0,0,0,0,0
20790,0,0,3,3,3,7,0,0,0,0,0,2,4,2,4,2,0
20800,0,0,0,0,0,2,0,0,0,0,0,4,4,0,2,4,2
20810,9,0,0,0,0,0,0,0,0,0,0,2,1,0,0,0,3
20820,21,3,0,0,0,0,0,0,0,0,0,0,1,0,0,0,0
20830,15,14,12,6,11,0,0,0,0,0,0,0,0,0,0,0,0
20840,8,16,17,11,5,5,0,0,0,0,0,0,0,0,0,0,0
20850,9,10,13,15,8,13,0,0,0,0,0,0,0,0,0,0,0
20860,9,12,10,6,12,3,0,0,0,0,0,0,0,0,0,0,0
20870,9,12,8,4,7,9,0,0,0,0,0,2,0,0,0,0,0
20880,0,9,11,10,7,9,0,0,0,0,0,7,0,0,0,0,0
20890,0,0,7,1,3,8,0,0,0,0,0,7,3,0,3,2,0
20900,0,0,0,0,0,3,0,0,0,0,0,1,5,0,8,4,1
20910,5,0,0,0,0,0,0,0,0,0,0,3,3,0,1,4,4
20920,23,5,0,0,0,0,0,0,0,0,0,0,0,0,0,0,1
20930,17,13,8,5,8,0,0,0,0,0,0,0,0,0,0,0,0
20940,7,21,15,7,10,3,0,0,0,0,0,0,0,0,0,0,0
20950,8,15,22,15,8,8,0,0,0,0,0,0,0,0,0,0,0
20960,6,6,15,15,11,4,0,0,0,0,0,0,0,0,0,0,0
20970,3,8,11,12,11,11,0,0,0,0,0,0,0,0,0,0,0
20980,0,4,7,6,10,9,0,0,0,0,0,8,0,0,0,0,0
20990,0,0,5,5,2,8,0,0,0,0,0,7,2,0,2,1,0
21000,0,0,0,0,0,6,0,0,0,0,0,2,0,0,7,4,1
21010,5,0,0,0,0,0,0,0,0,0,0,2,2,0,0,2,1
21020,20,0,0,0,0,0,0,0,0,0,0,0,0,0,2,2,0
21030,9,15,5,5,6,0,0,0,0,0,0,0,0,0,0,0,0
21040,13,14,14,4,9,3,0,0,0,0,0,0,0,0,0,0,1
21050,5,12,14,11,5,7,0,0,0,0,0,0,0,0,0,0,0
21060,4,10,14,9,9,6,0,0,0,0,0,0,0,0,0,0,0
21070,6,3,10,12,8,5,0,0,0,0,0,0,0,0,0,0,0
21080,0,6,4,7,8,7,0,0,0,0,0,7,0,0,0,0,0
21090,0,1,4,4,5,6,0,0,0,0,0,9,2,0,2,1,0
21100,0,0,3,0,0,3,0,0,0,0,0,5,0,0,2,3,1
21110,5,0,0,0,0,0,0,0,0,0,0,2,1,0,1,1,0
21120,17,0,0,0,0,0,0,0,0,0,0,0,0,0,1,1,0
21130,22,14,0,4,6,0,0,0,0,0,0,0,0,0,0,0,0
21140,6,20,12,0,10,3,0,0,0,0,0,0,0,0,0,0,0
21150,5,18,16,13,3,10,0,0,0,0,0,0,0,0,0,0,0
21160,4,9,20,17,11,10,0,0,0,0,0,0,0,0,0,0,0
21170,5,7,12,13,15,9,0,0,0,0,0,0,0,0,0,0,0
21180,0,2,6,12,10,9,0,0,0,0,0,6,0,0,0,0,0
21190,0,2,4,3,9,10,0,0,0,0,0,7,1,0,2,0,0
21200,0,0,3,0,0,8,0,0,0,0,0,1,0,0,1,0,0
21210,0,0,0,0,0,0,0,0,0,0,0,2,0,0,0,2,4
21220,20,0,0,0,0,0,0,0,0,0,0,0,0,0,0,1,1
21230,14,11,0,4,4,0,0,0,0,0,0,0,0,0,0,0,1
21240,8,19,5,4,10,2,0,0,0,0,0,0,0,0,0,0,0
21250,10,7,20,9,6,9,0,0,0,0,0,0,0,0,0,0,0
21260,4,8,14,14,8,8,0,0,0,0,0,0,0,0,0,0,0
21270,7,6,6,10,12,2,0,0,0,0,0,0,0,0,0,0,0
21280,0,7,8,3,9,8,0,0,0,0,0,6,0,0,0,0,0
21290,0,0,5,6,3,10,0,0,0,0,0,7,2,0,0,0,0
21300,0,0,2,0,0,2,0,0,0,0,0,0,5,1,8,1,0
21310,0,0,1,0,0,0,0,0,0,0,0,1,0,0,1,1,3
21320,17,0,0,0,0,0,0,0,0,0,0,0,0,0,0,0,2
21330,14,8,0,4,4,0,0,0,0,0,0,0,0,0,0,0,1
21340,4,19,4,4,10,2,0,0,0,0,0,0,0,0,0,0,0
21350,4,9,21,4,5,7,0,0,0,0,0,0,0,0,0,0,0
21360,7,3,13,18,4,8,0,0,0,0,0,0,0,0,0,0,0
21370,6,7,6,11,17,1,0,0,0,0,0,0,0,0,0,0,0
21380,1,4,5,6,10,9,0,0,0,0,0,4,0,0,0,0,0
21390,0,4,5,5,6,13,0,0,0,0,0,8,2,2,0,0,0
21400,0,0,5,0,0,7,0,0,0,0,0,4,1,0,7,2,0
21410,0,0,2,0,0,0,0,0,0,0,0,1,0,0,1,0,3
21420,15,0,0,0,0,0,0,0,0,0,0,0,0,0,1,0,1
21430,22,7,0,4,4,0,0,0,0,0,0,0,0,1,0,1,3
21440,8,20,0,8,9,0,0,0,0,0,0,0,0,0,0,0,0
21450,7,17,18,2,8,10,0,0,0,0,0,0,0,0,0,0,0
21460,5,4,22,16,5,8,0,0,0,0,0,0,0,0,0,0,0
21470,7,7,14,16,12,4,0,0,0,0,0,0,0,0,0,0,0
21480,3,5,9,12,11,6,0,0,0,0,0,4,0,0,0,0,0
21490,0,3,5,6,11,9,0,0,0,0,0,7,1,1,0,0,0
21500,0,0,6,0,1,7,0,0,0,0,0,4,3,0,5,1,0
21510,0,0,2,0,0,0,0,0,0,0,0,4,1,0,1,0,2
21520,15,0,0,0,0,0,0,0,0,0,0,0,2,0,3,0,0
21530,19,9,0,0,0,0,0,0,0,0,0,0,0,0,0,0,0
21540,6,16,0,11,12,0,0,0,0,0,0,0,0,0,0,0,1
21550,4,17,10,0,10,13,0,0,0,0,0,0,0,0,0,0,0
21560,6,4,23,12,1,15,0,0,0,0,0,0,0,0,0,0,0
21570,5,6,18,16,8,6,0,0,0,0,0,0,0,0,0,0,0
21580,1,8,6,12,12,5,0,0,0,0,0,3,0,0,0,0,0
21590,0,0,8,5,11,7,0,0,0,0,0,9,1,1,0,0,0
21600,0,0,1,0,2,9,0,0,0,0,0,4,4,1,4,3,0
21610,0,0,3,0,0,2,0,0,0,0,0,1,0,0,0,1,2
21620,11,0,1,0,0,0,0,0,0,0,0,2,0,0,2,1,4
21630,24,8,0,0,0,0,0,0,0,0,0,0,0,0,3,0,2
21640,17,21,0,9,12,0,0,0,0,0,0,0,0,0,0,0,0
21650,2,21,5,0,9,6,0,0,0,0,0,0,0,0,0,0,0
21660,3,11,23,7,4,9,0,0,0,0,0,0,0,0,0,0,0
21670,8,4,22,17,7,6,0,0,0,0,0,0,0,0,0,0,0
21680,2,5,13,16,13,2,0,0,0,0,0,2,0,0,0,0,0
21690,0,3,8,7,10,10,0,0,0,0,0,9,1,0,0,0,0
21700,0,0,4,2,2,9,0,0,0,0,0,2,1,0,4,2,0
21710,0,0,3,0,0,4,0,0,0,0,0,2,0,0,4,2,2
21720,10,0,0,0,0,0,0,0,0,0,0,0,1,0,0,1,3
21730,21,5,0,0,0,0,0,0,0,0,0,0,1,0,0,0,0
21740,14,15,0,6,11,0,0,0,0,0,0,0,0,0,0,0,0
21750,8,17,0,0,9,6,0,0,0,0,0,0,0,0,0,0,0
21760,8,12,19,2,0,9,0,0,0,0,0,0,0,0,0,0,0
21770,8,8,23,14,3,5,0,0,0,0,0,0,0,0,0,0,0
21780,3,7,16,18,11,1,0,0,0,0,0,2,0,0,0,0,0
21790,0,6,10,12,15,8,0,0,0,0,0,6,0,0,0,0,0
21800,0,0,8,5,5,12,0,0,0,0,0,1,4,1,4,2,0
21810,0,0,4,0,0,4,0,0,0,0,0,3,1,0,6,3,2
21820,7,0,3,0,0,0,0,0,0,0,0,1,0,0,1,0,3
21830,22,2,0,0,0,0,0,0,0,0,0,0,0,0,2,0,0
21840,15,14,0,12,11,0,0,0,0,0,0,0,0,0,0,0,0
21850,7,19,0,7,8,8,0,0,0,0,0,0,0,0,0,0,1
21860,12,11,15,0,15,8,0,0,0,0,0,0,0,0,0,0,0
21870,12,9,21,13,2,11,0,0,0,0,0,0,0,0,0,0,0
21880,2,11,15,16,11,6,0,0,0,0,0,2,0,0,0,0,0
21890,0,6,14,11,13,6,0,0,0,0,0,8,0,0,0,0,0
21900,0,0,9,4,4,10,0,0,0,0,0,6,3,0,4,2,0
21910,0,0,4,0,0,5,0,0,0,0,0,1,3,0,6,4,1
21920,5,0,4,0,0,0,0,0,0,0,0,0,0,0,3,5,2
21930,22,3,0,0,0,0,0,0,0,0,0,0,0,0,4,4,0
21940,18,10,0,8,8,0,0,0,0,0,0,0,0,0,0,0,0
21950,5,16,0,12,9,8,0,0,0,0,0,0,0,0,0,0,0
21960,6,15,8,2,12,11,0,0,0,0,0,0,0,0,0,0,0
21970,11,5,22,8,5,9,0,0,0,0,0,0,0,0,0,0,0
21980,7,11,18,18,10,2,0,0,0,0,0,0,0,0,0,0,0
21990,0,7,11,15,13,1,0,0,0,0,0,8,0,0,0,0,0
22000,0,1,8,7,9,9,0,0,0,0,0,5,3,1,2,1,0
22010,0,0,5,0,0,8,0,0,0,0,0,1,0,0,3,3,1
22020,5,0,2,0,0,0,0,0,0,0,0,1,0,0,0,2,1
22030,19,0,0,0,0,0,0,0,0,0,0,0,0,0,1,1,0
22040,9,15,0,8,7,0,0,0,0,0,0,0,0,0,0,0,0
22050,8,12,0,5,12,6,0,0,0,0,0,0,0,0,0,0,1
22060,10,8,5,1,7,16,0,0,0,0,0,0,0,0,0,0,0
22070,8,8,17,4,3,8,0,0,0,0,0,0,0,0,0,0,0
22080,7,10,19,15,4,3,0,0,0,0,0,0,0,0,0,0,0
22090,0,5,11,13,10,0,0,0,0,0,0,8,0,0,0,0,0
22100,0,2,7,9,6,12,0,0,0,0,0,8,0,1,2,1,0
22110,0,0,5,0,0,4,0,0,0,0,0,5,1,0,4,4,1
22120,5,0,1,0,0,0,0,0,0,0,0,1,0,1,1,2,3
22130,17,0,0,0,0,0,0,0,0,0,0,0,0,0,0,1,0
22140,18,12,0,7,6,0,0,0,0,0,0,0,0,0,1,0,0
22150,9,17,0,3,11,4,0,0,0,0,0,0,0,0,0,0,0
22160,5,19,0,1,9,8,0,0,0,0,0,0,0,0,0,0,0
22170,14,8,14,1,1,12,0,0,0,0,0,0,0,0,0,0,0
22180,4,9,22,15,1,3,0,0,0,0,0,0,0,0,0,0,0
22190,0,8,20,17,12,2,0,0,0,0,0,6,0,0,0,0,0
22200,0,1,13,12,10,6,0,0,0,0,0,7,2,0,2,1,0
22210,0,0,9,0,0,10,0,0,0,0,0,4,3,0,2,3,0
22220,0,0,5,0,0,0,0,0,0,0,0,1,2,0,2,4,3
22230,20,0,2,0,0,0,0,0,0,0,0,0,2,0,0,1,0
22240,23,12,0,4,4,0,0,0,0,0,0,0,0,0,0,1,2
22250,12,17,0,12,15,3,0,0,0,0,0,0,0,0,0,0,1
22260,5,18,0,4,16,8,0,0,0,0,0,0,0,0,0,0,0
22270,8,10,10,0,5,15,0,0,0,0,0,0,0,0,0,0,0
22280,8,6,21,9,2,8,0,0,0,0,0,0,0,0,0,0,0
22290,3,7,24,16,10,0,0,0,0,0,0,6,0,0,0,0,0
22300,0,4,17,15,10,4,0,0,0,0,0,9,1,0,0,0,0
22310,0,0,9,0,0,10,0,0,0,0,0,3,0,0,8,4,0
22320,0,0,5,0,0,0,0,0,0,0,0,3,0,1,1,5,4
22330,17,0,0,0,0,0,0,0,0,0,0,0,0,0,0,1,1
22340,22,11,0,4,4,0,0,0,0,0,0,0,0,0,1,0,1
22350,14,20,0,16,15,4,0,0,0,0,0,0,0,0,0,0,0
22360,9,19,0,6,13,7,0,0,0,0,0,0,0,0,0,0,0
22370,8,13,5,0,10,15,0,0,0,0,0,0,0,0,0,0,0
22380,5,6,19,4,3,15,0,0,0,0,0,0,0,0,0,0,0
22390,2,7,22,18,4,2,0,0,0,0,0,4,0,0,0,0,0
22400,0,3,21,13,14,0,0,0,0,0,0,6,1,1,0,0,0
22410,0,0,15,0,0,10,0,0,0,0,0,0,4,1,4,2,0
22420,0,0,7,0,0,0,0,0,0,0,0,3,0,0,2,1,3
22430,15,0,4,0,0,0,0,0,0,0,0,0,1,0,1,1,5
22440,20,10,1,4,4,0,0,0,0,0,0,0,0,0,1,0,1
22450,13,19,0,14,9,0,0,0,0,0,0,0,0,0,0,0,0
22460,8,15,0,18,14,12,0,0,0,0,0,0,0,0,0,0,0
22470,12,11,0,1,18,11,0,0,0,0,0,0,0,0,0,0,0
22480,11,9,17,0,4,14,0,0,0,0,0,0,0,0,0,0,0
22490,4,10,21,14,2,12,0,0,0,0,0,4,0,0,0,0,0
22500,0,5,21,18,10,1,0,0,0,0,0,8,1,1,0,0,0
22510,0,0,16,0,1,7,0,0,0,0,0,1,2,2,6,3,0
22520,0,0,7,0,0,0,0,0,0,0,0,0,1,0,3,3,3
22530,15,0,4,0,0,0,0,0,0,0,0,0,1,0,2,1,4
22540,21,5,3,0,0,0,0,0,0,0,0,0,1,0,0,1,4
22550,14,20,0,15,15,0,0,0,0,0,0,0,0,0,0,0,1
22560,3,17,0,15,13,10,0,0,0,0,0,0,0,0,0,0,0
22570,5,6,0,2,19,12,0,0,0,0,0,0,0,0,0,0,0
22580,8,7,10,1,6,15,0,0,0,0,0,0,0,0,0,0,0
22590,4,9,22,12,2,12,0,0,0,0,0,3,0,0,0,0,0
22600,0,4,25,19,12,3,0,0,0,0,0,9,1,0,0,0,0
22610,0,0,14,3,1,3,0,0,0,0,0,4,3,0,2,3,0
22620,0,0,5,0,0,3,0,0,0,0,0,3,1,0,2,3,2
22630,11,0,1,0,0,0,0,0,0,0,0,0,2,0,1,1,4
22640,22,3,1,0,0,0,0,0,0,0,0,0,0,0,0,0,0
22650,15,18,0,15,15,0,0,0,0,0,0,0,0,0,0,0,0
22660,10,16,0,12,13,9,0,0,0,0,0,0,0,0,0,0,0
22670,10,14,0,1,12,16,0,0,0,0,0,0,0,0,0,0,0
22680,5,9,5,0,5,11,0,0,0,0,0,0,0,0,0,0,0
22690,4,5,21,8,0,5,0,0,0,0,0,2,0,0,0,0,0
22700,0,5,20,17,4,0,0,0,0,0,0,9,1,1,0,0,0
22710,0,0,20,4,2,2,0,0,0,0,0,5,4,1,4,2,0
22720,0,0,9,0,0,0,0,0,0,0,0,6,2,0,4,1,2
22730,10,0,7,0,0,0,0,0,0,0,0,2,0,0,1,1,3
22740,20,5,3,0,0,0,0,0,0,0,0,0,0,0,5,0,1
22750,22,16,0,13,10,0,0,0,0,0,0,0,0,0,0,0,1
22760,15,21,0,17,9,7,0,0,0,0,0,0,0,0,0,0,0
22770,10,16,0,8,15,11,0,0,0,0,0,0,0,0,0,0,0
22780,7,11,0,1,14,11,0,0,0,0,0,0,0,0,0,0,0
22790,5,10,18,2,4,12,0,0,0,0,0,2,0,0,0,0,0
22800,0,8,21,15,2,5,0,0,0,0,0,5,0,0,0,0,0
22810,0,0,18,4,4,1,0,0,0,0,0,1,1,1,4,2,0
22820,0,0,17,0,0,3,0,0,0,0,0,1,0,0,4,4,2
22830,6,0,9,0,0,0,0,0,0,0,0,1,0,0,3,0,4
22840,22,3,2,0,0,0,0,0,0,0,0,0,0,0,0,1,1
22850,17,14,1,12,10,0,0,0,0,0,0,0,0,0,0,0,0
22860,9,18,0,17,12,3,0,0,0,0,0,0,0,0,0,0,0
22870,8,8,0,19,17,12,0,0,0,0,0,0,0,0,0,0,0
22880,14,11,0,2,19,10,0,0,0,0,0,0,0,0,0,0,0
22890,3,14,13,0,8,20,0,0,0,0,0,2,0,0,0,0,0
22900,0,5,20,13,3,12,0,0,0,0,0,6,0,0,0,0,0
22910,0,0,23,9,2,3,0,0,0,0,0,10,3,0,4,2,0
22920,0,0,17,0,0,1,0,0,0,0,0,4,1,0,5,4,1
22930,5,0,2,0,0,0,0,0,0,0,0,2,2,0,2,4,4
22940,22,4,3,0,0,0,0,0,0,0,0,0,1,0,0,2,2
22950,21,13,2,9,7,0,0,0,0,0,0,0,0,0,0,1,1
22960,10,22,0,17,18,1,0,0,0,0,0,0,0,0,0,0,0
22970,11,19,0,15,16,12,0,0,0,0,0,0,0,0,0,0,0
22980,9,10,0,3,17,14,0,0,0,0,0,0,0,0,0,0,0
22990,5,6,9,0,9,13,0,0,0,0,0,0,0,0,0,0,0
23000,0,11,18,8,0,14,0,0,0,0,0,8,0,0,0,0,0
23010,0,0,25,10,3,2,0,0,0,0,0,5,3,0,2,1,0
23020,0,0,21,0,0,0,0,0,0,0,0,1,5,0,8,4,1
23030,5,0,11,0,0,0,0,0,0,0,0,1,1,0,0,0,3
23040,20,0,2,0,0,0,0,0,0,0,0,0,0,0,1,1,0
23050,23,11,0,8,7,0,0,0,0,0,0,0,0,0,0,1,0
23060,14,23,0,18,13,3,0,0,0,0,0,0,0,0,0,0,0
23070,12,18,0,17,17,14,0,0,0,0,0,0,0,0,0,0,0
23080,8,12,0,5,17,12,0,0,0,0,0,0,0,0,0,0,0
23090,7,12,5,0,8,16,0,0,0,0,0,0,0,0,0,0,0
23100,0,8,17,3,2,9,0,0,0,0,0,7,0,0,0,0,0
23110,0,1,24,10,1,4,0,0,0,0,0,5,3,1,2,1,0
23120,0,0,23,0,0,0,0,0,0,0,0,3,2,0,5,4,1
23130,5,0,12,0,0,0,0,0,0,0,0,1,0,0,3,0,1
23140,17,0,3,0,0,0,0,0,0,0,0,0,1,0,0,3,0
23150,22,16,0,8,5,0,0,0,0,0,0,0,0,0,1,1,1
23160,12,21,1,13,13,1,0,0,0,0,0,0,0,0,0,0,0
23170,8,17,0,22,17,10,0,0,0,0,0,0,0,0,0,0,0
23180,9,8,0,12,15,13,0,0,0,0,0,0,0,0,0,0,0
23190,7,7,0,0,13,10,0,0,0,0,0,0,0,0,0,0,0
23200,0,7,13,0,4,17,0,0,0,0,0,6,0,0,0,0,0
23210,0,2,23,7,0,6,0,0,0,0,0,9,2,0,2,1,0
23220,0,0,21,0,0,0,0,0,0,0,0,0,1,0,7,3,0
23230,0,0,17,0,0,0,0,0,0,0,0,1,0,0,1,5,2
23240,20,0,3,0,0,0,0,0,0,0,0,0,1,0,0,5,0
23250,22,9,0,4,4,0,0,0,0,0,0,0,0,0,0,2,0
23260,20,17,2,18,9,2,0,0,0,0,0,0,0,0,0,0,0
23270,7,17,0,16,13,6,0,0,0,0,0,0,0,0,0,0,0
23280,11,15,0,17,14,8,0,0,0,0,0,0,0,0,0,0,0
23290,11,16,0,1,16,12,0,0,0,0,0,0,0,0,0,0,0
23300,3,11,10,1,5,12,0,0,0,0,0,6,0,0,0,0,0
23310,0,1,20,6,1,9,0,0,0,0,0,4,2,0,0,0,0
23320,0,0,19,0,0,1,0,0,0,0,0,1,2,1,8,4,0
23330,0,0,16,0,0,0,0,0,0,0,0,0,2,0,1,5,2
23340,19,0,10,0,0,0,0,0,0,0,0,0,2,0,0,3,0
23350,20,11,1,4,4,0,0,0,0,0,0,0,0,0,0,0,0
23360,15,16,0,14,10,1,0,0,0,0,0,0,0,0,0,0,0
23370,7,17,1,17,12,6,0,0,0,0,0,0,0,0,0,0,0
23380,6,14,0,18,16,9,0,0,0,0,0,0,0,0,0,0,0
23390,3,7,0,1,14,14,0,0,0,0,0,0,0,0,0,0,0
23400,1,3,5,1,7,16,0,0,0,0,0,5,0,0,0,0,0
23410,0,2,20,5,2,9,0,0,0,0,0,9,1,1,0,0,0
23420,0,0,24,0,0,2,0,0,0,0,0,6,1,0,7,4,0
23430,0,0,18,0,0,0,0,0,0,0,0,0,3,0,5,3,1
23440,15,0,7,0,0,0,0,0,0,0,0,0,3,0,1,2,1
23450,22,9,3,4,4,0,0,0,0,0,0,0,0,0,0,0,1
23460,15,20,1,13,9,0,0,0,0,0,0,0,0,0,0,0,0
23470,6,17,1,20,9,10,0,0,0,0,0,0,0,0,0,0,0
23480,6,8,0,19,13,8,0,0,0,0,0,0,0,0,0,0,0
23490,10,4,0,2,21,11,0,0,0,0,0,0,0,0,0,0,0
23500,3,8,0,0,8,13,0,0,0,0,0,4,0,0,0,0,0
23510,0,3,17,0,2,13,0,0,0,0,0,5,1,1,0,0,0
23520,0,0,22,1,0,4,0,0,0,0,0,4,1,3,6,3,0
23530,0,0,19,0,0,0,0,0,0,0,0,0,0,0,7,0,3
23540,15,0,6,0,0,0,0,0,0,0,0,0,0,0,2,1,1
23550,19,9,3,0,0,0,0,0,0,0,0,0,0,0,0,0,0
23560,5,18,1,16,9,0,0,0,0,0,0,0,0,0,0,0,2
23570,7,19,3,19,13,7,0,0,0,0,0,0,0,0,0,0,0
23580,9,6,0,20,14,9,0,0,0,0,0,0,0,0,0,0,0
23590,3,8,0,2,19,10,0,0,0,0,0,0,0,0,0,0,0
23600,1,5,0,0,6,15,0,0,0,0,0,4,0,0,0,0,0
23610,0,3,9,0,1,14,0,0,0,0,0,4,1,1,0,0,0
23620,0,0,25,0,0,4,0,0,0,0,0,1,4,0,4,3,0
23630,0,0,25,0,0,0,0,0,0,0,0,0,2,1,2,4,2
23640,10,0,8,0,0,0,0,0,0,0,0,0,1,0,0,2,4
23650,19,5,6,0,0,0,0,0,0,0,0,0,0,1,2,0,0
23660,8,18,1,14,5,0,0,0,0,0,0,0,0,0,0,0,0
23670,9,10,5,18,8,4,0,0,0,0,0,0,0,0,0,0,0
23680,4,8,0,17,13,7,0,0,0,0,0,0,0,0,0,0,0
23690,11,6,0,7,17,10,0,0,0,0,0,0,0,0,0,0,0
23700,6,9,0,1,11,11,0,0,0,0,0,2,0,0,0,0,0
23710,0,10,5,0,0,13,0,0,0,0,0,8,1,1,0,0,0
23720,0,0,20,0,0,2,0,0,0,0,0,1,3,1,5,2,0
23730,0,0,22,0,0,0,0,0,0,0,0,1,0,0,5,2,2
23740,10,0,16,0,0,0,0,0,0,0,0,2,1,1,0,1,3
23750,23,4,8,0,0,0,0,0,0,0,0,0,2,0,1,1,1
23760,19,22,0,11,7,0,0,0,0,0,0,0,0,0,0,0,0
23770,6,19,3,18,8,4,0,0,0,0,0,0,0,0,0,0,0
23780,7,12,5,18,15,9,0,0,0,0,0,0,0,0,0,0,0
23790,6,8,0,11,12,8,0,0,0,0,0,0,0,0,0,0,0
23800,4,5,0,1,14,10,0,0,0,0,0,2,0,0,0,0,0
23810,0,4,0,0,3,12,0,0,0,0,0,8,0,0,0,0,0
23820,0,0,20,0,0,6,0,0,0,0,0,3,2,2,4,2,0
23830,0,0,25,0,0,1,0,0,0,0,0,3,0,0,5,4,1
23840,8,0,17,0,0,0,0,0,0,0,0,1,0,1,1,6,5
23850,20,4,5,0,0,0,0,0,0,0,0,0,0,0,0,2,0
23860,18,14,1,12,7,0,0,0,0,0,0,0,0,0,0,0,0
23870,6,21,1,17,10,5,0,0,0,0,0,0,0,0,0,0,0
23880,5,12,9,20,16,9,0,0,0,0,0,0,0,0,0,0,0
23890,6,6,0,13,18,13,0,0,0,0,0,0,0,0,0,0,0
23900,5,5,0,0,14,13,0,0,0,0,0,2,0,0,0,0,0
23910,0,6,0,0,2,15,0,0,0,0,0,7,0,0,0,0,0
23920,0,0,14,0,0,7,0,0,0,0,0,6,2,1,3,2,0
23930,0,0,22,0,0,0,0,0,0,0,0,4,0,0,6,2,1
23940,5,0,22,0,0,0,0,0,0,0,0,0,1,0,0,0,3
23950,22,4,6,0,0,0,0,0,0,0,0,0,1,0,2,0,1
23960,20,15,2,8,5,0,0,0,0,0,0,0,0,0,0,0,1
23970,13,18,3,19,7,1,0,0,0,0,0,0,0,0,0,0,0
23980,4,16,11,13,14,8,0,0,0,0,0,0,0,0,0,0,0
23990,9,11,0,16,15,7,0,0,0,0,0,0,0,0,0,0,0
24000,8,9,0,5,15,13,0,0,0,0,0,0,0,0,0,0,0
